Employee ID,Age,Education,Gender,Project Involvement,Job Level,Job Role,Salary,Over 18 years old,Total Working Years,Years At Company,Years In Current Role
1,42,2,Female,3,2,Business Developer,5204,Y,8,6,4
2,50,1,Male,2,2,Engineer,5134,Y,10,10,7
3,38,2,Male,2,1,Technician,2103,Y,7,0,0
4,34,4,Female,3,1,Engineer,2919,Y,8,8,7
5,28,1,Male,3,1,Technician,3484,Y,6,2,2
6,33,2,Male,3,1,Technician,3083,Y,8,7,7
7,60,3,Female,4,1,Technician,2684,Y,12,1,0
8,31,1,Male,3,1,Technician,2705,Y,1,1,0
9,39,3,Male,2,3,Manufacturing Director,9538,Y,10,9,7
10,37,3,Male,3,2,Software Developer,5252,Y,17,7,7
11,36,3,Male,4,1,Technician,2431,Y,6,5,4
12,30,2,Female,2,2,Technician,4206,Y,10,9,5
13,32,1,Male,3,1,Engineer,2915,Y,5,5,2
14,35,2,Male,3,1,Technician,2675,Y,3,2,2
15,29,3,Male,2,1,Technician,2033,Y,6,4,2
16,30,4,Female,4,3,Manufacturing Director,9995,Y,10,10,9
17,33,2,Male,4,1,Engineer,3306,Y,7,6,2
18,23,2,Male,4,1,Technician,2945,Y,1,1,0
19,54,4,Female,2,4,Manager,15437,Y,31,25,8
20,39,3,Male,3,1,Engineer,3958,Y,6,3,2
21,25,2,Female,4,2,Manufacturing Director,4019,Y,5,4,2
22,37,4,Male,2,1,Sales Engineer,3416,Y,10,5,3
23,35,4,Female,3,3,RnD Director,12001,Y,13,12,6
24,22,2,Male,3,1,Engineer,1250,Y,0,0,0
25,35,1,Male,3,1,Engineer,2968,Y,8,4,2
26,54,3,Female,3,5,Manager,19114,Y,26,14,13
27,33,1,Female,1,1,Engineer,3932,Y,10,10,2
28,43,4,Male,3,2,Business Developer,5838,Y,10,9,7
29,45,4,Female,2,3,Software Developer,10258,Y,24,22,6
30,47,4,Female,3,5,Manager,18955,Y,22,2,2
31,34,3,Male,3,1,Technician,2504,Y,7,1,1
32,45,4,Male,3,2,Software Developer,5475,Y,9,4,2
33,31,2,Male,2,1,Technician,2220,Y,10,10,0
34,40,3,Male,3,2,Sales Engineer,4103,Y,19,1,0
35,25,3,Male,3,1,Engineer,2302,Y,6,2,0
36,44,2,Female,4,1,Engineer,2651,Y,6,5,3
37,51,2,Male,2,1,Sales Engineer,2695,Y,3,3,2
38,36,3,Female,3,1,Sales Engineer,2021,Y,2,2,2
39,37,4,Female,2,1,Engineer,3422,Y,6,1,1
40,34,3,Female,4,2,Business Developer,5392,Y,10,5,3
41,36,2,Male,3,1,Technician,1962,Y,1,1,0
42,28,4,Female,3,1,Technician,2350,Y,1,1,0
43,27,3,Male,1,1,Technician,2312,Y,1,1,0
44,28,3,Male,3,3,Business Developer,8743,Y,9,9,8
45,31,2,Female,3,2,Technician,4018,Y,12,12,8
46,42,3,Female,3,5,RnD Director,19548,Y,23,22,15
47,35,4,Male,3,2,Business Developer,5271,Y,10,9,5
48,38,2,Male,3,1,Engineer,3030,Y,8,1,0
49,47,4,Male,3,2,Business Developer,5785,Y,14,9,6
50,36,1,Male,4,1,Technician,2286,Y,1,1,0
51,49,2,Male,2,3,Technician,5400,Y,23,1,0
52,29,4,Male,3,1,Technician,3448,Y,2,2,2
53,45,5,Female,3,2,Business Developer,5468,Y,9,4,3
54,36,2,Male,2,3,Software Developer,9898,Y,10,4,0
55,27,3,Female,2,2,Business Developer,4167,Y,5,2,2
56,34,2,Female,3,3,RnD Director,13469,Y,15,15,14
57,36,5,Male,3,3,Business Developer,9077,Y,9,9,8
58,36,4,Female,3,1,Technician,4024,Y,4,2,2
59,32,4,Male,3,2,Technician,5923,Y,10,7,7
60,38,4,Male,2,2,Manufacturing Director,6012,Y,7,7,5
61,33,3,Male,3,2,Manufacturing Director,6180,Y,9,9,8
62,39,5,Female,3,2,Technician,2415,Y,10,10,3
63,51,2,Female,2,5,RnD Director,18750,Y,29,27,3
64,60,3,Female,3,3,Business Developer,7648,Y,28,21,16
65,37,3,Female,3,3,Software Developer,10113,Y,17,17,14
66,56,3,Female,3,4,Manager,14765,Y,21,5,0
67,37,3,Male,2,2,Manufacturing Director,6515,Y,6,6,5
68,46,3,Male,3,3,Engineer,9732,Y,25,1,0
69,36,3,Male,3,1,Engineer,2199,Y,5,3,2
70,37,3,Male,2,1,Engineer,3396,Y,2,1,0
71,60,1,Female,2,2,Business Developer,6489,Y,20,4,3
72,30,3,Male,3,1,Engineer,2705,Y,6,5,4
73,32,4,Male,3,1,Engineer,2512,Y,1,1,1
74,33,3,Male,3,2,Engineer,4732,Y,10,10,4
75,37,3,Female,4,1,Technician,3055,Y,5,1,0
76,32,4,Female,3,2,Manufacturing Director,4438,Y,11,11,7
77,36,4,Male,2,2,Business Developer,4332,Y,16,15,13
78,46,4,Male,3,3,RnD Director,13256,Y,17,0,0
79,38,4,Male,3,3,RnD Director,13676,Y,16,5,2
80,47,2,Male,3,2,Human Resources,5036,Y,16,4,2
81,31,1,Male,2,2,Technician,5143,Y,10,10,8
82,36,3,Male,2,1,Engineer,2864,Y,6,6,4
83,56,2,Male,3,3,Business Developer,10253,Y,24,1,0
84,39,3,Female,1,2,Engineer,5340,Y,17,13,11
85,35,2,Male,3,2,Manufacturing Director,4332,Y,5,5,2
86,57,3,Male,1,3,Manufacturing Director,7276,Y,37,6,4
87,24,1,Male,3,1,Sales Engineer,2336,Y,3,0,0
88,52,4,Male,3,1,Technician,2088,Y,10,4,2
89,31,3,Male,2,2,Software Developer,4166,Y,11,11,10
90,47,2,Male,2,3,Business Developer,9637,Y,9,9,8
91,41,4,Male,2,4,Software Developer,13516,Y,22,22,3
92,52,4,Male,3,2,Business Developer,5454,Y,11,10,7
93,31,2,Female,2,2,Business Developer,5220,Y,11,11,8
94,47,3,Male,2,3,Software Developer,10684,Y,21,10,9
95,33,4,Male,3,2,Business Developer,5021,Y,12,11,8
96,55,4,Female,3,3,RnD Director,13559,Y,16,4,3
97,25,2,Female,3,2,Business Developer,4302,Y,4,3,2
98,29,3,Male,3,2,Business Developer,4226,Y,5,5,4
99,59,4,Male,3,4,Business Developer,13876,Y,38,37,10
100,45,3,Male,3,2,Technician,2054,Y,17,3,2
101,38,4,Male,3,1,Human Resources,2090,Y,7,3,2
102,33,1,Male,3,1,Engineer,2965,Y,1,1,0
103,21,3,Female,2,1,Technician,2932,Y,1,1,0
104,35,4,Female,3,2,Engineer,4823,Y,16,16,13
105,38,2,Male,2,2,Software Developer,5567,Y,17,1,0
106,60,4,Female,2,5,Manager,18853,Y,30,3,2
107,51,3,Female,3,5,RnD Director,18177,Y,28,8,3
108,26,3,Male,2,2,Business Developer,4454,Y,6,6,4
109,26,1,Male,2,1,Engineer,2903,Y,2,2,2
110,23,3,Female,3,1,Technician,2886,Y,1,0,0
111,52,4,Female,2,3,Software Developer,7494,Y,23,13,12
112,35,3,Male,1,2,Technician,6083,Y,9,9,7
113,55,3,Female,4,4,Manager,17337,Y,23,5,3
114,25,1,Male,3,1,Technician,2784,Y,6,5,3
115,35,4,Female,2,2,Engineer,4515,Y,12,1,0
116,38,3,Male,3,3,Business Developer,7435,Y,12,5,3
117,35,3,Female,2,3,Manager,11646,Y,14,11,10
118,37,2,Female,3,3,Business Developer,9743,Y,10,9,7
119,37,2,Female,3,1,Technician,2852,Y,7,1,0
120,44,2,Male,3,4,Manager,16966,Y,25,25,12
121,31,3,Male,1,1,Engineer,2628,Y,10,10,7
122,34,2,Male,3,2,Business Developer,5161,Y,8,7,7
123,57,4,Female,3,1,Engineer,4971,Y,7,5,4
124,52,3,Male,3,5,RnD Director,19547,Y,23,20,18
125,32,4,Male,1,2,Business Developer,5179,Y,12,7,7
126,27,3,Female,2,1,Engineer,2377,Y,5,5,4
127,59,4,Female,3,3,Software Developer,10322,Y,40,40,10
128,20,1,Male,3,1,Sales Engineer,1689,Y,0,0,0
129,23,1,Male,3,1,Technician,2530,Y,3,2,1
130,50,4,Female,3,2,Manufacturing Director,6585,Y,16,15,11
131,44,3,Female,4,1,Engineer,4755,Y,18,3,2
132,51,3,Female,3,3,Business Developer,9222,Y,16,2,2
133,32,3,Female,1,2,Business Developer,4069,Y,4,2,2
134,42,1,Male,3,3,Business Developer,8195,Y,12,9,7
135,27,1,Female,3,1,Human Resources,2954,Y,8,8,7
136,37,2,Male,3,2,Manufacturing Director,4951,Y,7,3,2
137,52,4,Male,1,3,Manufacturing Director,10663,Y,18,4,2
138,40,4,Female,2,2,Business Developer,5920,Y,17,15,11
139,26,3,Male,2,2,Business Developer,4650,Y,6,2,2
140,31,3,Male,3,2,Human Resources,6362,Y,12,11,9
141,33,3,Female,3,1,Technician,4205,Y,10,5,4
142,46,3,Male,3,1,Engineer,3462,Y,9,6,5
143,39,5,Female,3,2,Engineer,5029,Y,19,3,2
144,31,3,Female,3,1,Engineer,2639,Y,5,5,4
145,33,2,Male,1,2,Business Developer,5077,Y,9,8,7
146,31,3,Female,3,1,Engineer,3214,Y,8,3,2
147,31,1,Male,2,1,Technician,2729,Y,6,5,3
148,42,3,Male,2,4,Manager,17196,Y,21,7,6
149,42,4,Male,3,1,Technician,2249,Y,7,5,0
150,20,1,Female,3,1,Technician,1500,Y,1,1,0
151,41,3,Female,3,2,Engineer,5118,Y,20,20,7
152,36,5,Male,3,3,Business Developer,7311,Y,10,10,8
153,54,2,Male,3,2,Sales Engineer,4319,Y,13,7,7
154,46,3,Male,3,2,Technician,2359,Y,20,17,9
155,33,3,Female,3,3,Business Developer,9016,Y,9,9,8
156,30,1,Male,3,2,Manufacturing Director,4835,Y,10,10,7
157,52,4,Male,2,2,Manufacturing Director,6138,Y,10,1,0
158,59,3,Female,2,1,Engineer,3363,Y,9,1,0
159,41,4,Male,2,3,Business Developer,10865,Y,15,12,11
160,35,4,Female,3,1,Sales Engineer,2235,Y,6,4,3
161,23,1,Male,3,1,Engineer,2331,Y,2,2,2
162,28,3,Male,3,1,Engineer,2039,Y,6,2,2
163,29,3,Male,3,1,Engineer,2718,Y,5,5,2
164,58,2,Male,4,3,Software Developer,9446,Y,12,5,3
165,28,3,Male,2,1,Engineer,2573,Y,1,1,1
166,51,3,Female,3,5,Manager,19938,Y,21,5,4
167,42,3,Male,3,1,Engineer,2462,Y,13,9,8
168,31,3,Female,3,3,Business Developer,9429,Y,12,10,9
169,39,4,Female,2,2,Business Developer,5492,Y,12,8,3
170,33,5,Male,3,1,Engineer,3048,Y,8,5,4
171,28,3,Male,3,1,Engineer,3073,Y,6,5,2
172,20,1,Female,1,1,Sales Engineer,2337,Y,1,0,0
173,37,2,Male,3,1,Technician,2102,Y,13,8,7
174,31,3,Male,3,2,Technician,3087,Y,12,12,9
175,57,3,Female,3,1,Engineer,4265,Y,19,2,2
176,34,3,Male,3,1,Engineer,2517,Y,4,3,1
177,20,3,Male,2,1,Technician,1118,Y,1,1,0
178,47,2,Female,3,3,Business Developer,10466,Y,24,24,13
179,39,2,Female,3,1,Technician,3497,Y,2,2,2
180,32,1,Female,3,1,Engineer,3941,Y,7,4,2
181,35,2,Female,3,1,Engineer,2322,Y,9,3,2
182,42,2,Female,3,1,Sales Engineer,4152,Y,4,4,3
183,51,3,Male,2,1,Technician,3692,Y,5,3,2
184,54,2,Female,4,2,Manufacturing Director,4464,Y,5,4,2
185,34,3,Female,3,1,Engineer,2764,Y,8,8,7
186,41,1,Female,3,5,Manager,19043,Y,21,20,8
187,56,4,Male,4,5,RnD Director,18725,Y,36,24,15
188,35,1,Male,2,2,Manufacturing Director,5058,Y,10,10,9
189,52,3,Female,3,4,Software Developer,13746,Y,21,7,7
190,53,4,Male,2,5,Manager,20007,Y,34,33,18
191,28,3,Female,3,1,Engineer,2298,Y,7,7,7
192,36,2,Male,2,2,Manufacturing Director,4931,Y,8,1,0
193,44,3,Male,4,1,Engineer,2097,Y,7,5,4
194,46,2,Male,2,4,Manager,16800,Y,22,20,8
195,38,3,Male,4,1,Engineer,3575,Y,8,8,7
196,36,3,Female,3,2,Technician,4441,Y,10,6,2
197,43,2,Female,3,2,Manufacturing Director,5275,Y,11,5,3
198,39,4,Male,3,2,Manufacturing Director,5467,Y,14,1,0
199,39,3,Male,3,2,Manufacturing Director,5274,Y,9,7,7
200,28,1,Male,2,2,Manufacturing Director,5908,Y,6,2,2
201,50,4,Male,3,2,Manufacturing Director,6411,Y,7,7,7
202,35,4,Male,3,1,Engineer,3820,Y,5,5,3
203,41,2,Male,3,2,Technician,2748,Y,15,7,2
204,39,1,Male,3,2,Software Developer,5985,Y,17,1,0
205,30,3,Female,3,3,Business Developer,7650,Y,10,10,4
206,23,3,Male,4,1,Engineer,2340,Y,4,4,2
207,37,1,Female,3,1,Technician,2170,Y,8,8,1
208,41,5,Male,2,2,Software Developer,4887,Y,5,3,2
209,47,4,Male,3,3,Software Developer,9405,Y,17,4,2
210,33,4,Male,1,3,Business Developer,10410,Y,14,14,8
211,31,1,Male,2,3,Manufacturing Director,8486,Y,12,11,8
212,28,3,Female,3,2,Business Developer,4994,Y,7,7,7
213,52,4,Male,2,3,RnD Director,12496,Y,16,10,9
214,31,3,Female,3,1,Engineer,2672,Y,8,5,2
215,42,3,Female,3,3,Manager,13602,Y,16,1,0
216,31,4,Female,2,2,Business Developer,5505,Y,9,6,3
217,30,3,Male,3,1,Engineer,2068,Y,7,6,2
218,46,3,Female,2,3,Business Developer,8871,Y,23,19,7
219,55,3,Female,3,2,Business Developer,5943,Y,16,6,2
220,37,2,Male,3,2,Technician,5923,Y,16,13,11
221,34,4,Female,2,1,Engineer,2625,Y,7,3,2
222,38,3,Male,3,3,RnD Director,12193,Y,10,10,8
223,39,3,Male,3,3,Business Developer,10623,Y,17,16,10
224,32,4,Male,1,2,Manufacturing Director,4651,Y,6,5,4
225,60,3,Male,2,1,Engineer,2192,Y,7,1,0
226,38,4,Male,3,1,Sales Engineer,2797,Y,13,9,8
227,30,1,Female,3,3,Business Developer,7933,Y,11,11,10
228,36,3,Female,3,3,Business Developer,8807,Y,10,10,7
229,30,1,Male,2,1,Engineer,2397,Y,4,4,3
230,53,3,Female,2,1,Technician,3225,Y,6,2,2
231,43,2,Male,3,5,Manager,19238,Y,22,22,17
232,60,2,Male,3,1,Human Resources,2274,Y,7,2,2
233,51,4,Female,3,5,Manager,19524,Y,32,7,0
234,34,3,Male,3,1,Technician,2441,Y,8,5,4
235,44,3,Female,3,4,Manager,16076,Y,22,17,13
236,34,2,Female,3,1,Technician,2713,Y,13,9,7
237,53,4,Male,2,5,Manager,19082,Y,33,33,7
238,33,2,Female,3,1,Sales Engineer,3436,Y,6,4,3
239,33,3,Male,2,1,Technician,3739,Y,4,3,2
240,40,4,Female,3,1,Technician,2245,Y,7,3,2
241,33,4,Male,3,2,Business Developer,4477,Y,4,3,2
242,41,2,Male,3,2,Engineer,4929,Y,9,9,8
243,46,3,Male,4,5,Manager,19210,Y,25,24,0
244,32,4,Male,3,3,RnD Director,13686,Y,9,2,2
245,34,4,Female,2,1,Engineer,2916,Y,2,2,2
246,35,4,Male,2,2,Manufacturing Director,5567,Y,13,11,9
247,38,2,Female,2,1,Engineer,3934,Y,17,3,1
248,46,4,Male,4,2,Manufacturing Director,5444,Y,9,3,2
249,38,3,Male,3,3,Manufacturing Director,10056,Y,17,1,0
250,40,4,Female,3,3,Software Developer,10952,Y,20,19,6
251,30,3,Male,3,1,Engineer,2345,Y,6,6,5
252,43,2,Female,4,2,Engineer,4558,Y,10,3,2
253,30,2,Male,3,2,Business Developer,4938,Y,10,3,2
254,26,3,Female,3,2,Manufacturing Director,4908,Y,5,4,2
255,43,3,Female,2,1,Technician,2608,Y,10,9,6
256,41,2,Male,3,5,RnD Director,19445,Y,22,21,7
257,52,3,Male,3,1,Engineer,2736,Y,1,1,0
258,32,2,Male,2,1,Technician,3488,Y,6,5,4
259,33,3,Male,4,1,Technician,2804,Y,5,5,1
260,39,2,Male,2,2,Business Developer,5458,Y,13,8,7
261,33,1,Male,2,2,Technician,2183,Y,9,6,2
262,47,3,Female,1,4,Manager,16886,Y,28,7,7
263,29,4,Male,3,1,Technician,3496,Y,5,0,0
264,30,3,Male,2,2,Business Developer,5047,Y,10,0,0
265,32,3,Male,2,2,Software Developer,5595,Y,10,9,0
266,26,2,Male,4,2,Software Developer,4415,Y,6,6,3
267,46,2,Male,3,4,Software Developer,13501,Y,21,20,7
268,37,3,Male,3,1,Technician,3216,Y,16,15,13
269,56,3,Male,3,5,Manager,19051,Y,37,36,10
270,48,4,Male,3,3,Manager,11860,Y,10,10,7
271,29,3,Male,3,1,Engineer,2090,Y,5,5,2
272,38,4,Male,3,2,Business Developer,4919,Y,7,5,4
273,22,2,Male,2,1,Engineer,3244,Y,3,3,2
274,38,4,Female,3,3,RnD Director,13611,Y,15,5,2
275,36,3,Female,4,3,Manager,12004,Y,10,7,7
276,39,2,Female,4,2,Business Developer,5615,Y,8,8,0
277,27,3,Female,3,2,Manufacturing Director,6402,Y,6,6,5
278,51,1,Male,3,5,RnD Director,19159,Y,28,10,4
279,54,4,Male,3,4,RnD Director,17598,Y,21,5,3
280,43,1,Male,3,2,Business Developer,5915,Y,20,20,16
281,30,2,Male,3,2,Business Developer,4973,Y,10,10,7
282,56,2,Male,3,2,Technician,5423,Y,12,10,7
283,27,2,Male,3,2,Software Developer,4745,Y,5,5,3
284,38,3,Female,3,1,Engineer,2130,Y,17,17,12
285,45,3,Male,3,1,Technician,3181,Y,19,1,0
286,39,4,Male,3,2,Software Developer,5749,Y,10,2,2
287,27,4,Male,3,1,Technician,2380,Y,5,3,2
288,29,2,Female,3,1,Engineer,3327,Y,5,5,3
289,50,4,Female,3,5,RnD Director,18675,Y,22,3,2
290,37,3,Male,3,2,Engineer,4492,Y,10,8,0
291,32,3,Female,3,1,Sales Engineer,2803,Y,2,2,2
292,27,4,Male,2,2,Business Developer,4839,Y,8,8,7
293,38,3,Male,3,1,Engineer,2334,Y,4,4,2
294,43,3,Female,3,4,Business Developer,13538,Y,23,20,4
295,19,3,Male,3,1,Technician,1429,Y,0,0,0
296,36,3,Male,3,3,Business Developer,8024,Y,12,11,9
297,37,4,Male,4,1,Technician,3703,Y,4,1,0
298,52,3,Male,1,2,Manufacturing Director,5495,Y,13,4,1
299,42,4,Male,3,4,Manager,16033,Y,22,22,10
300,19,3,Female,2,1,Sales Engineer,1212,Y,0,0,0
301,29,2,Male,4,2,Software Developer,5681,Y,9,8,3
302,32,3,Male,4,2,Business Developer,4940,Y,10,8,7
303,40,3,Male,4,3,Software Developer,9619,Y,19,18,10
304,37,4,Female,3,2,Technician,5685,Y,11,9,8
305,33,3,Male,2,2,Business Developer,5496,Y,13,13,8
306,39,2,Female,2,3,RnD Director,12079,Y,19,10,8
307,59,4,Male,1,2,Software Developer,5675,Y,12,5,3
308,32,4,Male,3,1,Engineer,4824,Y,6,5,2
309,32,3,Male,2,2,Human Resources,6419,Y,9,2,2
310,46,3,Male,3,3,Technician,5222,Y,24,24,9
311,32,4,Male,3,1,Engineer,2707,Y,3,2,2
312,34,4,Female,3,3,Manager,11889,Y,12,10,6
313,40,1,Male,3,4,Manager,17080,Y,21,21,9
314,44,4,Female,3,1,Technician,2469,Y,9,8,7
315,50,2,Female,2,4,Software Developer,13978,Y,25,7,1
316,53,4,Male,2,2,Engineer,4959,Y,11,8,2
317,28,3,Female,3,1,Engineer,2494,Y,4,4,3
318,33,2,Female,2,2,Business Developer,5236,Y,13,13,12
319,28,3,Male,3,2,Business Developer,4887,Y,5,5,4
320,32,3,Male,3,2,Business Developer,5556,Y,13,7,7
321,33,4,Female,4,2,Engineer,4471,Y,10,7,7
322,29,4,Male,1,1,Engineer,3483,Y,5,3,2
323,31,2,Female,3,2,Engineer,4578,Y,11,10,8
324,32,2,Female,2,3,Manufacturing Director,8957,Y,10,10,9
325,40,2,Male,2,5,Manager,19286,Y,21,21,9
326,40,2,Female,3,2,Business Developer,5253,Y,12,1,0
327,34,3,Male,2,2,Business Developer,5093,Y,9,7,7
328,48,5,Male,3,5,RnD Director,18307,Y,21,3,2
329,44,4,Female,2,2,Technician,5271,Y,9,9,7
330,28,1,Male,3,2,Business Developer,4951,Y,6,5,4
331,55,4,Female,3,2,Engineer,4877,Y,20,4,3
332,44,3,Female,3,3,Software Developer,10001,Y,10,1,0
333,46,4,Male,3,2,Engineer,4714,Y,12,10,9
334,41,2,Male,1,2,Business Developer,5164,Y,6,4,3
335,30,4,Male,1,1,Technician,2128,Y,7,7,7
336,30,5,Male,2,1,Technician,3996,Y,4,3,2
337,31,3,Female,2,2,Business Developer,5329,Y,10,10,9
338,28,4,Female,3,2,Business Developer,5330,Y,8,8,7
339,38,2,Male,3,2,Manufacturing Director,5360,Y,8,6,2
340,39,2,Male,2,3,RnD Director,11521,Y,12,11,10
341,32,4,Female,3,3,Manufacturing Director,7153,Y,11,11,9
342,30,1,Female,2,2,Business Developer,5281,Y,7,7,7
343,36,4,Male,3,3,Manufacturing Director,8104,Y,17,16,6
344,24,1,Male,3,1,Engineer,2919,Y,4,4,2
345,42,3,Male,2,2,Manufacturing Director,5048,Y,8,5,4
346,48,1,Male,3,2,Sales Engineer,3980,Y,5,0,0
347,43,5,Female,3,4,RnD Director,16004,Y,16,1,0
348,30,3,Male,3,2,Business Developer,4662,Y,4,4,3
349,43,1,Male,3,1,Human Resources,2709,Y,4,3,2
350,33,3,Female,3,1,Technician,2375,Y,8,8,0
351,49,1,Female,3,3,Manager,12517,Y,15,0,0
352,38,3,Male,4,2,Engineer,5988,Y,13,7,7
353,31,2,Female,3,2,Business Developer,4444,Y,4,2,2
354,27,3,Male,3,2,Business Developer,5308,Y,8,8,7
355,43,4,Male,2,2,Software Developer,6090,Y,14,1,0
356,22,1,Female,2,1,Sales Engineer,2188,Y,3,3,2
357,37,5,Female,3,2,Business Developer,5070,Y,7,1,0
358,37,4,Male,2,3,Business Developer,9709,Y,16,13,9
359,58,4,Male,3,2,Software Developer,6161,Y,15,3,2
360,41,4,Female,4,1,Technician,2228,Y,10,7,7
361,22,2,Male,3,1,Sales Engineer,2629,Y,3,3,2
362,34,3,Female,3,1,Sales Engineer,2857,Y,1,1,0
363,38,3,Female,3,1,Technician,3464,Y,17,5,4
364,47,4,Female,3,2,Manufacturing Director,5266,Y,7,1,0
365,42,3,Male,3,2,Business Developer,5365,Y,8,8,7
366,51,3,Male,2,3,Software Developer,10502,Y,20,4,3
367,41,2,Male,2,2,Business Developer,5392,Y,8,6,4
368,32,4,Male,2,1,Engineer,2670,Y,3,2,2
369,22,3,Female,4,1,Sales Engineer,2722,Y,1,1,0
370,30,3,Male,3,1,Engineer,2207,Y,6,3,2
371,36,4,Male,2,2,Software Developer,5850,Y,10,1,1
372,28,2,Male,3,1,Technician,3823,Y,5,5,2
373,29,4,Male,3,2,Business Developer,5260,Y,7,7,5
374,50,3,Male,2,3,Software Developer,10977,Y,26,5,2
375,52,2,Female,3,2,Business Developer,5948,Y,18,7,7
376,37,3,Female,3,1,Engineer,2552,Y,6,2,2
377,35,3,Male,4,2,Business Developer,5317,Y,9,5,2
378,56,3,Female,3,4,Manager,16679,Y,30,5,4
379,25,4,Female,3,2,Business Developer,4668,Y,5,5,2
380,31,1,Male,3,1,Sales Engineer,2486,Y,1,1,0
381,27,1,Male,3,1,Engineer,3116,Y,7,6,4
382,23,3,Female,3,1,Engineer,2263,Y,2,2,1
383,37,2,Male,2,3,Business Developer,7611,Y,10,10,9
384,31,3,Male,3,1,Engineer,2301,Y,3,1,0
385,38,3,Female,3,1,Technician,3041,Y,18,18,7
386,41,2,Female,3,2,Business Developer,5221,Y,8,5,4
387,43,4,Female,3,1,Technician,2590,Y,8,5,2
388,38,4,Male,3,2,Manufacturing Director,6209,Y,18,1,0
389,44,3,Male,2,4,RnD Director,14348,Y,25,25,10
390,41,3,Female,2,2,Technician,3459,Y,20,1,0
391,55,2,Male,3,5,RnD Director,19415,Y,24,4,2
392,35,4,Female,3,2,Business Developer,5052,Y,6,3,2
393,32,2,Female,3,2,Manufacturing Director,4819,Y,13,13,10
394,44,3,Male,3,1,Technician,2273,Y,8,3,2
395,44,4,Female,3,2,Software Developer,4533,Y,8,5,2
396,26,2,Female,2,2,Business Developer,4699,Y,5,5,4
397,38,5,Female,3,2,Engineer,4754,Y,15,13,11
398,32,2,Male,2,1,Technician,2234,Y,4,4,2
399,40,1,Male,3,5,Manager,19204,Y,21,21,8
400,57,3,Female,4,4,Business Developer,13215,Y,36,7,7
401,31,3,Female,3,2,Business Developer,4692,Y,6,5,4
402,42,3,Male,4,3,Business Developer,8403,Y,10,10,7
403,29,2,Male,3,2,Technician,4564,Y,10,10,0
404,26,3,Male,3,1,Technician,4046,Y,6,2,2
405,53,3,Male,2,3,Manufacturing Director,7978,Y,28,5,4
406,46,2,Male,3,1,Engineer,2668,Y,8,2,2
407,53,2,Female,3,4,Manager,16572,Y,31,5,2
408,43,2,Female,3,2,Engineer,5067,Y,19,5,4
409,31,3,Female,1,2,Manufacturing Director,5111,Y,11,5,4
410,61,3,Female,3,5,Manager,19580,Y,33,29,8
411,47,3,Female,3,2,Manufacturing Director,5821,Y,19,10,7
412,43,4,Female,2,2,Software Developer,4537,Y,7,6,5
413,25,1,Female,3,1,Sales Engineer,3208,Y,6,5,3
414,35,2,Female,1,1,Sales Engineer,3063,Y,3,2,2
415,39,2,Male,3,1,Technician,2712,Y,1,1,0
416,41,4,Female,3,5,Manager,18060,Y,21,20,15
417,27,3,Female,3,1,Engineer,2893,Y,3,3,2
418,31,3,Male,3,1,Technician,2100,Y,9,5,3
419,30,4,Male,2,3,RnD Director,11939,Y,10,10,2
420,30,5,Female,2,1,Engineer,2554,Y,6,2,2
421,20,2,Male,2,1,Human Resources,2570,Y,1,1,0
422,31,4,Female,3,3,Business Developer,8424,Y,10,9,8
423,58,3,Male,2,4,Manager,14131,Y,32,1,0
424,51,4,Male,2,4,Manager,17057,Y,28,27,10
425,31,3,Female,3,1,Technician,2581,Y,12,11,7
426,61,3,Female,2,3,Business Developer,10277,Y,22,18,13
427,48,2,Female,3,2,Manufacturing Director,6084,Y,20,5,0
428,47,3,Male,3,4,RnD Director,17879,Y,26,3,2
429,36,3,Male,1,1,Technician,4238,Y,6,5,4
430,55,4,Female,3,2,Technician,3784,Y,19,1,0
431,35,4,Male,2,1,Engineer,2780,Y,14,7,3
432,47,3,Female,2,3,Business Developer,9081,Y,15,3,2
433,32,1,Male,3,3,Manufacturing Director,10658,Y,13,13,8
434,34,1,Male,3,3,Manager,13620,Y,15,7,6
435,34,1,Male,1,1,Technician,3418,Y,8,4,3
436,31,1,Male,3,1,Sales Engineer,2997,Y,4,3,2
437,36,3,Male,3,3,Software Developer,7643,Y,10,8,7
438,32,3,Male,3,3,Software Developer,9836,Y,12,1,0
439,35,3,Female,3,3,Human Resources,9968,Y,11,3,2
440,43,2,Male,3,1,Technician,3104,Y,8,2,2
441,37,4,Male,3,3,Business Developer,9992,Y,10,10,3
442,23,1,Male,2,1,Technician,3903,Y,4,2,2
443,49,5,Female,3,2,Business Developer,5466,Y,14,9,7
444,56,5,Female,3,4,Manager,16843,Y,37,10,9
445,42,2,Male,3,2,Business Developer,5846,Y,16,14,3
446,36,3,Male,3,2,Business Developer,5729,Y,15,11,9
447,41,3,Female,3,4,Manufacturing Director,13250,Y,22,20,6
448,40,1,Female,3,1,Technician,3770,Y,8,8,3
449,32,1,Male,3,2,Business Developer,5087,Y,10,6,5
450,43,3,Male,3,3,Manufacturing Director,7413,Y,10,10,9
451,46,3,Male,3,2,Business Developer,4815,Y,9,8,7
452,27,4,Female,3,1,Human Resources,2757,Y,8,7,7
453,30,3,Male,3,2,Manufacturing Director,5273,Y,8,3,2
454,34,5,Female,4,4,RnD Director,16200,Y,10,6,1
455,32,3,Male,2,3,Manager,11567,Y,10,5,4
456,19,3,Male,3,1,Sales Engineer,1893,Y,0,0,0
457,41,3,Male,1,3,Business Developer,10949,Y,20,1,0
458,42,4,Female,2,2,Software Developer,5818,Y,10,8,7
459,27,2,Male,3,2,Business Developer,4612,Y,8,0,0
460,36,3,Female,3,2,Business Developer,4567,Y,5,5,4
461,35,4,Male,4,2,Business Developer,5148,Y,10,10,7
462,27,3,Male,1,1,Technician,2355,Y,1,1,0
463,38,3,Female,3,3,Manufacturing Director,7502,Y,12,6,5
464,47,1,Female,3,3,Software Developer,10540,Y,28,2,2
465,42,5,Female,3,4,Manager,16608,Y,22,18,16
466,38,4,Male,3,3,Business Developer,8847,Y,9,9,5
467,53,2,Male,3,2,Engineer,5587,Y,18,10,9
468,33,4,Male,4,2,Business Developer,4719,Y,6,4,2
469,25,3,Male,3,1,Sales Engineer,2410,Y,3,2,2
470,39,3,Female,3,2,Software Developer,6237,Y,18,1,0
471,38,4,Female,3,2,Manufacturing Director,5458,Y,8,6,5
472,50,4,Male,2,5,RnD Director,19520,Y,31,31,9
473,25,3,Male,4,1,Engineer,2740,Y,6,6,5
474,27,2,Male,3,2,Business Developer,4584,Y,6,5,3
475,25,2,Male,2,1,Technician,2134,Y,1,1,0
476,51,3,Male,3,5,Manager,18217,Y,32,32,5
477,26,1,Male,3,1,Sales Engineer,2102,Y,7,7,4
478,25,3,Female,3,1,Technician,2894,Y,6,6,3
479,31,4,Male,2,1,Sales Engineer,2048,Y,1,1,0
480,35,2,Male,2,1,Engineer,3628,Y,6,6,5
481,32,4,Male,3,2,Business Developer,4946,Y,9,3,1
482,36,2,Male,2,2,Technician,3695,Y,9,3,2
483,32,4,Male,4,2,Business Developer,5466,Y,13,7,7
484,28,4,Female,2,1,Engineer,2190,Y,6,5,3
485,38,3,Male,3,2,Business Developer,6015,Y,17,3,0
486,21,3,Female,2,1,Engineer,2844,Y,1,1,0
487,43,4,Female,3,2,Software Developer,5099,Y,10,10,2
488,44,4,Male,2,4,RnD Director,16635,Y,21,1,0
489,39,1,Female,3,1,Engineer,2624,Y,8,0,0
490,44,5,Male,3,2,Technician,5697,Y,10,8,7
491,49,4,Female,2,4,Manager,15410,Y,21,3,2
492,45,4,Female,2,2,Human Resources,5997,Y,10,2,2
493,35,3,Female,3,1,Sales Engineer,2591,Y,8,8,2
494,28,1,Male,3,1,Sales Engineer,3056,Y,5,4,3
495,22,1,Male,3,1,Sales Engineer,3455,Y,3,3,2
496,45,4,Male,3,5,Manager,19524,Y,26,2,2
497,23,1,Male,3,1,Engineer,2787,Y,3,2,2
498,34,4,Male,3,2,Business Developer,4508,Y,6,5,0
499,33,4,Female,3,2,Engineer,3834,Y,6,6,4
500,31,3,Female,3,1,Engineer,2091,Y,1,1,0
501,54,1,Female,3,2,Business Developer,6291,Y,18,14,7
502,35,5,Male,3,1,Engineer,2703,Y,10,10,9
503,46,4,Female,3,2,Business Developer,4599,Y,5,1,1
504,27,3,Female,3,1,Technician,2674,Y,3,3,2
505,38,3,Male,3,3,Manufacturing Director,9442,Y,10,10,7
506,30,2,Female,3,2,Business Developer,4579,Y,6,6,0
507,36,4,Male,1,2,Engineer,5158,Y,17,17,11
508,34,3,Male,3,2,Software Developer,6035,Y,15,13,11
509,55,4,Male,3,3,Human Resources,10738,Y,16,9,7
510,37,2,Male,2,2,Manufacturing Director,5561,Y,13,3,2
511,28,4,Male,2,1,Engineer,2061,Y,5,4,2
512,21,1,Male,3,1,Engineer,1024,Y,1,1,0
513,34,3,Male,3,1,Engineer,3356,Y,10,10,8
514,36,3,Male,2,1,Technician,1298,Y,1,1,0
515,24,3,Male,4,1,Engineer,2832,Y,5,3,2
516,26,3,Male,4,2,Business Developer,4258,Y,4,3,2
517,39,4,Female,2,2,Business Developer,4642,Y,8,7,7
518,30,4,Male,1,1,Engineer,2732,Y,10,10,7
519,49,1,Male,4,2,Business Developer,5532,Y,12,2,2
520,28,1,Female,4,2,Business Developer,4654,Y,6,6,5
521,38,2,Male,4,1,Engineer,4692,Y,4,1,0
522,51,1,Male,4,1,Technician,3235,Y,20,20,8
523,35,3,Female,2,3,Software Developer,8631,Y,9,8,7
524,25,2,Female,3,2,Business Developer,4585,Y,4,2,2
525,40,4,Female,2,2,Software Developer,6560,Y,20,20,7
526,33,3,Male,3,2,Business Developer,5405,Y,10,10,7
527,51,2,Male,3,2,Business Developer,6216,Y,18,4,3
528,39,4,Female,4,2,Software Developer,5041,Y,10,9,7
529,28,2,Female,3,3,Manufacturing Director,7419,Y,9,9,7
530,33,2,Female,3,3,RnD Director,11165,Y,10,7,7
531,48,4,Male,3,2,Business Developer,6064,Y,20,7,7
532,41,4,Male,2,3,Business Developer,10481,Y,20,18,13
533,54,3,Male,4,4,RnD Director,14825,Y,32,5,1
534,42,4,Male,2,5,Manager,19151,Y,23,21,6
535,61,4,Male,3,2,Business Developer,5415,Y,10,2,2
536,28,2,Male,3,3,Manufacturing Director,8802,Y,9,9,7
537,42,3,Male,2,5,Manager,19196,Y,22,22,7
538,51,4,Male,3,1,Sales Engineer,3887,Y,4,2,2
539,29,2,Female,1,1,Engineer,2229,Y,10,7,7
540,37,3,Female,4,3,RnD Director,11729,Y,10,8,7
541,39,3,Female,3,3,Manufacturing Director,7869,Y,10,1,0
542,45,3,Male,1,1,Technician,3723,Y,9,5,2
543,48,3,Female,3,4,Business Developer,13782,Y,28,22,2
544,31,5,Male,3,2,Business Developer,5314,Y,10,8,7
545,30,3,Male,3,1,Sales Engineer,2655,Y,1,1,0
546,43,3,Male,4,1,Engineer,2771,Y,7,2,2
547,44,3,Male,2,2,Business Developer,4814,Y,7,2,2
548,35,2,Female,3,2,Software Developer,5155,Y,10,5,1
549,24,1,Male,3,1,Technician,2517,Y,5,4,3
550,40,3,Female,4,2,Human Resources,6402,Y,12,8,3
551,57,3,Male,3,4,Software Developer,11115,Y,30,10,7
552,41,1,Female,2,1,Engineer,2354,Y,5,4,2
553,28,3,Female,2,2,Software Developer,5323,Y,9,7,6
554,30,3,Male,3,1,Sales Engineer,2305,Y,2,2,2
555,54,3,Male,3,2,Technician,2468,Y,19,2,2
556,36,4,Female,3,2,Software Developer,6106,Y,16,1,0
557,33,4,Male,3,2,Technician,5322,Y,10,10,8
558,39,5,Male,3,1,Engineer,3075,Y,6,1,0
559,35,5,Female,3,2,Manufacturing Director,5133,Y,7,0,0
560,53,4,Male,2,4,Manager,16864,Y,34,34,6
561,34,4,Male,3,1,Engineer,2699,Y,10,10,9
562,26,1,Female,3,2,Business Developer,5185,Y,6,6,5
563,46,2,Male,1,2,Sales Engineer,4638,Y,9,8,7
564,24,1,Male,4,1,Engineer,3523,Y,2,2,2
565,48,2,Female,4,2,Business Developer,5314,Y,8,5,4
566,35,3,Male,3,2,Business Developer,4791,Y,6,6,5
567,56,3,Male,3,5,Manager,19872,Y,24,5,2
568,37,4,Male,2,3,Business Developer,7602,Y,10,10,7
569,53,4,Male,3,1,Engineer,4274,Y,5,4,3
570,27,2,Female,1,1,Technician,2373,Y,5,2,2
571,30,3,Female,3,2,Software Developer,5345,Y,11,8,7
572,27,3,Male,2,2,Business Developer,4636,Y,6,4,3
573,35,4,Female,4,1,Engineer,3295,Y,10,4,2
574,55,4,Female,3,2,Manufacturing Director,5498,Y,9,5,3
575,28,1,Male,3,2,Business Developer,4358,Y,5,4,2
576,38,1,Female,3,1,Engineer,2795,Y,6,5,3
577,39,4,Female,4,2,Manufacturing Director,5984,Y,17,15,7
578,35,4,Female,2,1,Engineer,4394,Y,6,6,5
579,36,4,Female,3,1,Sales Engineer,2583,Y,3,3,2
580,31,3,Male,1,1,Technician,3849,Y,7,2,2
581,41,2,Female,4,2,Software Developer,5250,Y,8,8,7
582,35,2,Female,3,2,Business Developer,5519,Y,6,3,2
583,43,3,Male,3,5,Manager,18443,Y,24,24,7
584,24,3,Male,4,1,Technician,1614,Y,1,0,0
585,25,3,Male,2,1,Technician,2709,Y,1,1,0
586,53,4,Female,3,2,Technician,3164,Y,9,5,2
587,51,3,Male,3,4,RnD Director,17651,Y,30,4,3
588,30,2,Female,2,1,Technician,2330,Y,1,1,0
589,34,3,Male,3,3,RnD Director,11701,Y,14,13,9
590,34,3,Female,3,2,Business Developer,5332,Y,6,3,2
591,48,2,Female,3,4,Manager,16757,Y,26,26,14
592,37,3,Female,3,2,Manufacturing Director,5246,Y,10,9,7
593,30,2,Male,4,1,Engineer,2703,Y,10,10,7
594,59,4,Male,3,5,RnD Director,19256,Y,40,31,15
595,36,4,Female,4,1,Engineer,2509,Y,7,2,2
596,43,2,Female,2,2,Manufacturing Director,5072,Y,8,4,3
597,29,4,Male,3,1,Engineer,4390,Y,5,2,2
598,37,3,Male,3,1,Human Resources,2156,Y,8,5,2
599,33,3,Female,2,2,Manufacturing Director,5168,Y,14,14,13
600,41,4,Male,2,2,Technician,5107,Y,10,1,0
601,31,3,Female,2,2,Manufacturing Director,4985,Y,12,0,0
602,46,3,Female,2,1,Engineer,2280,Y,1,1,0
603,43,3,Male,3,2,Manufacturing Director,5049,Y,10,9,8
604,39,3,Male,2,2,Software Developer,6294,Y,13,4,3
605,35,4,Female,2,1,Engineer,2570,Y,6,5,2
606,50,3,Female,3,3,Business Developer,7664,Y,9,9,8
607,56,1,Male,3,2,Business Developer,5270,Y,12,9,7
608,44,2,Male,3,4,RnD Director,17171,Y,22,4,1
609,28,1,Male,2,3,RnD Director,12825,Y,9,9,8
610,36,3,Male,3,3,Manufacturing Director,10236,Y,17,8,5
611,29,4,Female,3,2,Business Developer,4789,Y,8,8,7
612,35,2,Male,3,1,Human Resources,3748,Y,4,3,2
613,27,2,Female,2,1,Engineer,2380,Y,8,8,7
614,28,3,Male,3,1,Engineer,1721,Y,0,0,0
615,52,4,Female,3,4,Manager,16320,Y,29,20,6
616,45,3,Male,3,2,Software Developer,5941,Y,10,5,2
617,26,1,Male,4,1,Engineer,3435,Y,6,4,3
618,34,3,Male,4,2,Business Developer,5142,Y,9,9,8
619,36,1,Female,2,1,Engineer,2573,Y,6,6,5
620,37,2,Male,3,2,Business Developer,6205,Y,18,18,14
621,33,4,Male,3,2,Business Developer,4912,Y,8,5,2
622,31,4,Male,2,1,Engineer,3771,Y,10,5,4
623,54,2,Female,2,3,Business Developer,10937,Y,35,5,2
624,46,3,Male,3,3,Business Developer,10777,Y,18,5,4
625,33,2,Female,4,2,Engineer,4079,Y,9,5,3
626,53,4,Female,2,4,Manufacturing Director,13838,Y,31,9,8
627,38,4,Male,2,2,Business Developer,5141,Y,9,1,0
628,29,2,Male,2,1,Human Resources,3951,Y,6,5,1
629,23,2,Male,2,2,Manufacturing Director,4891,Y,4,2,2
630,45,4,Male,4,1,Technician,2838,Y,10,3,2
631,43,1,Male,3,1,Engineer,2526,Y,8,2,1
632,37,3,Male,2,1,Human Resources,2356,Y,6,5,4
633,26,1,Male,3,2,Business Developer,4298,Y,5,5,3
634,36,3,Female,2,3,Manufacturing Director,10695,Y,17,17,14
635,36,4,Female,3,1,Engineer,2033,Y,10,10,2
636,33,3,Male,3,1,Technician,2325,Y,4,3,0
637,26,1,Male,2,2,Business Developer,4273,Y,5,5,2
638,50,3,Female,3,1,Engineer,3593,Y,7,4,2
639,25,1,Male,2,1,Technician,3177,Y,6,5,2
640,33,2,Male,3,2,Business Developer,5238,Y,10,10,8
641,39,3,Male,2,1,Sales Engineer,2909,Y,3,2,2
642,43,3,Female,4,2,Technician,5241,Y,17,5,3
643,32,4,Male,3,1,Engineer,2366,Y,8,6,4
644,30,3,Female,2,1,Sales Engineer,2817,Y,5,3,2
645,54,3,Male,3,4,Business Developer,11851,Y,28,2,0
646,36,3,Male,2,3,Manufacturing Director,10914,Y,16,13,10
647,38,2,Female,3,1,Sales Engineer,2984,Y,10,5,4
648,54,4,Female,3,4,RnD Director,14291,Y,33,12,9
649,44,3,Female,3,2,Software Developer,5569,Y,12,5,2
650,48,2,Female,3,2,Business Developer,4943,Y,8,7,6
651,38,2,Male,3,3,Business Developer,7653,Y,10,10,0
652,51,4,Male,3,4,Manager,17934,Y,31,31,6
653,40,3,Female,2,2,Human Resources,5210,Y,13,5,4
654,34,2,Male,3,1,Human Resources,2293,Y,7,4,3
655,33,4,Male,3,1,Technician,2806,Y,1,1,0
656,30,1,Female,2,1,Technician,2542,Y,8,4,3
657,45,2,Male,3,1,Engineer,2565,Y,8,8,7
658,29,4,Male,3,2,Business Developer,4918,Y,4,4,2
659,59,1,Male,2,1,Technician,2390,Y,3,1,0
660,44,3,Female,3,2,Manufacturing Director,4777,Y,4,1,0
661,21,3,Female,2,1,Sales Engineer,2052,Y,2,2,2
662,22,1,Female,3,1,Engineer,2708,Y,1,1,0
663,37,1,Male,3,2,Software Developer,6005,Y,17,16,8
664,48,4,Female,2,1,Sales Engineer,3312,Y,3,3,2
665,23,1,Female,3,2,Manufacturing Director,4182,Y,4,3,2
666,42,4,Female,1,1,Technician,2789,Y,10,7,7
667,29,3,Female,3,1,Engineer,2383,Y,6,2,2
668,40,3,Male,3,1,Technician,2419,Y,8,2,2
669,28,3,Female,3,1,Engineer,2325,Y,1,1,1
670,35,3,Male,3,1,Technician,2022,Y,1,1,0
671,43,2,Female,2,2,Business Developer,5254,Y,10,5,4
672,34,4,Male,2,1,Engineer,2810,Y,6,3,2
673,59,3,Female,2,3,Software Developer,10571,Y,24,6,0
674,32,4,Male,2,1,Sales Engineer,2339,Y,13,7,7
675,36,1,Female,3,2,Software Developer,5028,Y,10,10,6
676,50,2,Female,3,3,Technician,7416,Y,29,26,9
677,49,4,Male,3,1,Engineer,2273,Y,13,0,0
678,32,2,Female,3,2,Business Developer,4941,Y,9,9,8
679,37,4,Male,3,1,Engineer,4692,Y,8,6,2
680,39,3,Female,3,3,RnD Director,13597,Y,15,15,12
681,33,3,Female,2,1,Technician,2342,Y,5,3,0
682,26,2,Male,2,1,Sales Engineer,2422,Y,1,1,0
683,41,4,Male,2,3,Business Developer,9714,Y,11,1,0
684,27,3,Male,2,2,Business Developer,4304,Y,7,7,7
685,42,3,Male,3,1,Technician,4735,Y,20,18,13
686,37,4,Male,3,1,Technician,2527,Y,16,11,8
687,20,3,Male,2,1,Sales Engineer,2133,Y,1,1,0
688,21,3,Male,3,1,Technician,2984,Y,1,1,0
689,32,3,Female,3,2,Software Developer,5265,Y,10,9,7
690,41,4,Male,3,1,Engineer,3633,Y,3,1,1
691,33,4,Female,3,2,Manufacturing Director,5138,Y,8,8,7
692,37,1,Male,2,3,Business Developer,10335,Y,16,16,7
693,34,3,Female,2,2,Software Developer,5053,Y,6,5,0
694,38,4,Male,2,3,Business Developer,10624,Y,17,14,1
695,46,2,Male,3,2,Technician,4064,Y,9,9,7
696,30,3,Female,3,1,Sales Engineer,2164,Y,3,3,1
697,36,3,Female,3,2,Business Developer,4619,Y,5,5,2
698,53,2,Male,3,4,Manager,17114,Y,26,9,8
699,59,3,Male,3,1,Engineer,2492,Y,7,1,0
700,54,2,Male,3,4,Manager,14864,Y,22,17,13
701,31,2,Male,3,3,Business Developer,7279,Y,10,8,4
702,39,3,Female,3,2,Business Developer,4680,Y,6,5,3
703,36,4,Male,3,3,Business Developer,7835,Y,12,10,9
704,40,5,Male,4,3,Business Developer,7892,Y,9,8,7
705,41,3,Female,4,4,Business Developer,13213,Y,22,1,0
706,48,4,Male,4,2,Manufacturing Director,6573,Y,20,19,10
707,37,4,Male,3,2,Business Developer,5485,Y,12,7,7
708,32,2,Male,2,1,Engineer,2333,Y,4,3,2
709,34,3,Male,3,4,Manager,17455,Y,10,10,8
710,30,3,Female,2,1,Engineer,2416,Y,3,0,0
711,34,1,Female,3,1,Engineer,3468,Y,5,3,2
712,46,4,Female,3,1,Technician,2286,Y,8,5,3
713,51,2,Male,3,4,RnD Director,17408,Y,32,5,4
714,34,4,Female,4,2,Software Developer,5092,Y,6,6,5
715,42,3,Male,3,5,RnD Director,19435,Y,21,18,16
716,28,4,Female,3,1,Technician,2820,Y,4,2,2
717,46,2,Male,3,2,Technician,3644,Y,9,9,8
718,48,2,Female,3,2,Business Developer,5166,Y,9,9,0
719,31,3,Female,3,1,Engineer,2150,Y,7,5,2
720,51,3,Male,3,4,Manufacturing Director,13978,Y,22,12,11
721,39,1,Male,3,1,Engineer,2690,Y,3,2,1
722,47,2,Male,3,3,Manufacturing Director,10849,Y,13,8,7
723,25,1,Female,2,2,Manufacturing Director,4788,Y,5,4,2
724,36,4,Male,2,1,Technician,3750,Y,5,4,2
725,32,1,Female,3,2,Manufacturing Director,4858,Y,4,4,3
726,19,2,Male,3,1,Engineer,1065,Y,0,0,0
727,55,3,Female,3,3,Manufacturing Director,10749,Y,22,10,7
728,36,4,Female,3,3,Software Developer,10398,Y,16,16,10
729,31,2,Female,4,3,RnD Director,11429,Y,9,8,7
730,21,3,Female,2,1,Engineer,2612,Y,1,1,0
731,31,3,Female,3,1,Technician,2436,Y,4,3,2
732,27,2,Male,4,2,Manufacturing Director,4684,Y,8,8,7
733,23,1,Male,1,1,Technician,2463,Y,4,4,3
734,49,3,Male,2,2,Software Developer,6148,Y,19,2,2
735,49,4,Male,2,3,Software Developer,11008,Y,27,15,11
736,42,2,Female,3,2,Manufacturing Director,5013,Y,8,2,2
737,40,1,Female,2,4,Manufacturing Director,12756,Y,21,21,6
738,28,4,Female,3,2,Manufacturing Director,4237,Y,4,3,2
739,36,3,Male,3,1,Technician,3928,Y,3,3,2
740,43,2,Male,3,5,Manager,18314,Y,21,1,0
741,51,3,Male,3,1,Technician,2388,Y,8,1,0
742,60,3,Female,2,4,Manufacturing Director,13734,Y,30,5,3
743,38,2,Female,1,2,Software Developer,5895,Y,15,1,0
744,56,4,Male,3,2,Software Developer,6501,Y,17,8,7
745,42,1,Female,1,5,RnD Director,19979,Y,21,21,16
746,39,4,Male,3,2,Business Developer,6676,Y,19,1,0
747,27,2,Male,1,2,Business Developer,4475,Y,7,2,2
748,53,1,Female,1,5,Manager,19863,Y,33,32,14
749,45,3,Female,4,4,Business Developer,13330,Y,23,12,11
750,51,3,Female,3,2,Business Developer,6352,Y,19,18,7
751,37,4,Female,4,1,Technician,2752,Y,18,17,13
752,40,3,Female,3,3,Manufacturing Director,10889,Y,21,21,6
753,34,1,Female,2,1,Sales Engineer,2355,Y,3,2,2
754,46,2,Female,3,4,Manager,17660,Y,26,9,3
755,33,4,Female,3,1,Technician,4037,Y,10,8,7
756,35,4,Male,4,2,Business Developer,6437,Y,16,15,1
757,60,2,Male,3,3,Manager,11914,Y,14,6,4
758,46,4,Male,3,1,Human Resources,2188,Y,6,6,3
759,54,3,Female,2,3,Business Developer,7535,Y,30,15,7
760,37,3,Male,3,2,Technician,4848,Y,9,1,0
761,27,3,Male,3,1,Engineer,2047,Y,6,3,2
762,35,4,Female,3,1,Sales Engineer,2233,Y,1,1,1
763,29,1,Male,3,1,Sales Engineer,1067,Y,1,1,0
764,39,4,Male,3,1,Engineer,2837,Y,8,2,2
765,51,4,Male,3,5,RnD Director,19248,Y,29,8,1
766,38,3,Female,3,2,Software Developer,5115,Y,8,4,3
767,41,3,Male,3,2,Business Developer,5411,Y,8,7,7
768,27,1,Female,2,1,Engineer,2018,Y,5,5,3
769,47,4,Male,3,5,RnD Director,19639,Y,23,2,2
770,55,4,Female,2,3,Business Developer,10698,Y,13,9,4
771,57,3,Female,3,1,Engineer,2953,Y,18,5,4
772,37,5,Female,2,3,Manufacturing Director,8865,Y,15,14,8
773,56,1,Male,2,4,Manager,16764,Y,31,9,7
774,44,3,Male,2,3,Business Developer,10805,Y,18,1,0
775,21,3,Female,3,1,Sales Engineer,2337,Y,2,2,2
776,22,3,Female,2,1,Technician,1432,Y,1,1,0
777,47,4,Female,2,2,Engineer,4627,Y,19,16,13
778,52,4,Male,3,1,Engineer,2476,Y,18,10,0
779,29,2,Male,2,3,Software Developer,8727,Y,10,10,7
780,27,2,Male,2,1,Technician,2961,Y,6,5,3
781,31,3,Male,3,2,Manufacturing Director,4962,Y,7,6,2
782,42,2,Female,4,1,Engineer,3385,Y,10,10,6
783,39,1,Female,2,3,Software Developer,8833,Y,20,19,9
784,41,4,Male,3,3,Software Developer,10337,Y,14,11,10
785,28,5,Male,1,1,Technician,4623,Y,3,3,2
786,56,1,Male,3,3,Manufacturing Director,10981,Y,23,3,2
787,29,3,Female,3,2,Engineer,3668,Y,10,8,7
788,45,2,Male,2,3,Human Resources,10496,Y,24,20,6
789,34,3,Male,2,3,Software Developer,7129,Y,9,3,2
790,36,3,Male,3,3,Business Developer,9597,Y,9,8,7
791,34,4,Female,2,2,Engineer,4512,Y,14,13,7
792,29,2,Male,3,1,Technician,3017,Y,4,4,2
793,35,1,Male,3,2,Software Developer,5266,Y,7,6,2
794,38,4,Female,2,2,Business Developer,5100,Y,8,1,0
795,26,1,Male,3,1,Technician,3704,Y,7,7,7
796,27,3,Male,3,1,Technician,2384,Y,1,1,1
797,34,3,Male,2,1,Engineer,2328,Y,5,2,2
798,43,2,Male,3,4,Manager,17674,Y,23,22,6
799,29,3,Male,2,1,Technician,2604,Y,1,1,0
800,51,4,Male,3,2,Business Developer,4741,Y,5,0,0
801,34,3,Female,3,2,Business Developer,4308,Y,4,3,2
802,35,4,Male,2,1,Engineer,2998,Y,6,0,0
803,49,4,Male,4,4,Manager,16900,Y,27,5,4
804,46,4,Female,2,2,Business Developer,5610,Y,15,15,10
805,53,4,Male,3,3,Software Developer,10450,Y,18,8,6
806,39,4,Male,2,3,Business Developer,8757,Y,9,8,7
807,30,4,Female,3,1,Engineer,2524,Y,11,7,5
808,29,3,Female,3,3,Manufacturing Director,7663,Y,10,9,7
809,47,1,Male,3,4,Manager,17475,Y,23,12,9
810,39,2,Male,3,3,Business Developer,7360,Y,10,1,0
811,44,3,Female,3,3,Manufacturing Director,10833,Y,18,8,7
812,40,3,Male,3,4,Software Developer,12181,Y,21,18,7
813,41,3,Male,2,5,RnD Director,19644,Y,21,20,7
814,22,1,Female,2,1,Engineer,2080,Y,2,2,2
815,40,3,Male,3,2,Technician,6789,Y,9,5,4
816,37,4,Male,3,2,Manufacturing Director,6195,Y,18,11,9
817,32,3,Male,4,1,Sales Engineer,2800,Y,3,2,2
818,29,1,Male,2,1,Engineer,3209,Y,6,5,3
819,36,2,Male,3,2,Business Developer,4479,Y,5,5,2
820,50,4,Male,2,4,Business Developer,13132,Y,22,9,8
821,35,2,Male,3,2,Manufacturing Director,4848,Y,5,3,2
822,30,3,Female,3,1,Engineer,3300,Y,8,7,5
823,43,3,Male,1,2,Technician,4282,Y,16,1,0
824,30,1,Male,2,2,Manufacturing Director,5072,Y,10,10,7
825,39,3,Male,4,1,Human Resources,2859,Y,7,7,6
826,29,3,Male,2,1,Engineer,2707,Y,3,3,1
827,19,1,Male,3,1,Technician,1919,Y,0,0,0
828,34,4,Female,3,2,Business Developer,4828,Y,6,5,2
829,42,4,Male,3,1,Technician,4773,Y,6,1,0
830,32,3,Male,3,1,Technician,2622,Y,2,2,2
831,38,2,Female,2,2,Software Developer,5343,Y,9,6,2
832,28,3,Male,2,1,Engineer,2547,Y,4,4,2
833,35,1,Female,3,2,Business Developer,4728,Y,6,6,5
834,36,4,Male,3,1,Human Resources,4335,Y,6,5,4
835,30,1,Female,2,3,Business Developer,7347,Y,11,11,8
836,41,4,Female,3,3,RnD Director,13516,Y,20,18,7
837,43,3,Male,3,4,Business Developer,13774,Y,22,21,9
838,43,4,Male,3,2,Business Developer,5471,Y,9,6,4
839,36,4,Male,2,1,Technician,2265,Y,10,8,0
840,25,3,Male,3,1,Technician,3604,Y,6,4,3
841,29,1,Female,3,1,Technician,2529,Y,1,1,1
842,27,4,Male,4,1,Technician,4435,Y,8,8,7
843,31,3,Male,2,2,Business Developer,5396,Y,10,10,3
844,41,2,Female,2,2,Engineer,4726,Y,16,1,1
845,36,3,Male,2,3,Manufacturing Director,10282,Y,15,7,7
846,35,3,Male,2,2,Software Developer,6249,Y,14,13,9
847,36,4,Male,2,1,Technician,2390,Y,2,2,2
848,44,3,Female,1,2,Business Developer,4865,Y,7,4,3
849,33,1,Female,3,1,Sales Engineer,2836,Y,1,1,0
850,57,4,Female,3,5,Manager,19955,Y,28,5,2
851,30,1,Female,3,1,Technician,3138,Y,10,10,8
852,20,2,Male,3,1,Engineer,2560,Y,1,1,1
853,46,3,Female,3,1,Engineer,4488,Y,7,3,2
854,38,3,Female,2,2,Manufacturing Director,5878,Y,14,14,8
855,21,3,Male,2,1,Technician,3040,Y,2,2,2
856,45,4,Male,3,1,Engineer,2947,Y,6,6,4
857,54,2,Female,3,5,Manager,18614,Y,26,7,7
858,30,1,Female,1,1,Engineer,2179,Y,6,5,4
859,23,4,Male,2,1,Engineer,2864,Y,1,0,0
860,47,3,Female,3,4,Manager,17060,Y,28,26,15
861,45,3,Male,1,1,Engineer,2303,Y,6,0,0
862,34,3,Male,3,1,Human Resources,3613,Y,5,5,4
863,42,2,Male,2,1,Engineer,2113,Y,5,1,0
864,31,4,Male,3,2,Business Developer,5126,Y,8,4,3
865,41,4,Male,3,2,Business Developer,4534,Y,5,0,0
866,51,3,Female,3,4,Manager,17867,Y,32,2,2
867,29,4,Male,2,1,Technician,3203,Y,6,6,5
868,47,2,Male,3,5,RnD Director,19084,Y,25,4,2
869,36,4,Male,3,2,Business Developer,6381,Y,15,7,7
870,25,2,Female,3,1,Technician,2218,Y,1,1,0
871,34,3,Female,3,2,Business Developer,4950,Y,10,10,7
872,37,4,Male,1,1,Technician,2746,Y,7,7,7
873,31,4,Male,3,2,Technician,3500,Y,10,10,7
874,45,4,Male,3,2,Engineer,5349,Y,20,20,11
875,21,3,Male,4,1,Sales Engineer,2685,Y,2,2,1
876,47,4,Male,3,2,Manufacturing Director,5385,Y,12,6,3
877,43,5,Male,4,2,Human Resources,6279,Y,10,4,3
878,61,4,Male,4,2,Business Developer,5740,Y,12,11,7
879,33,3,Female,2,1,Technician,2755,Y,2,2,2
880,33,2,Female,3,2,Engineer,4508,Y,10,8,7
881,37,3,Female,1,3,Manufacturing Director,10265,Y,17,7,7
882,34,3,Male,3,1,Engineer,2786,Y,15,14,10
883,41,3,Female,2,2,Business Developer,5165,Y,7,5,1
884,26,4,Male,3,2,Business Developer,4562,Y,5,4,3
885,31,3,Male,3,1,Engineer,3590,Y,12,11,9
886,43,5,Female,3,3,RnD Director,13198,Y,20,1,0
887,36,2,Female,2,3,Business Developer,10393,Y,16,13,2
888,28,3,Male,3,1,Engineer,2242,Y,9,9,7
889,55,4,Female,3,3,Manufacturing Director,10505,Y,33,5,4
890,45,1,Female,4,1,Engineer,2028,Y,10,10,5
891,20,3,Female,2,1,Engineer,1871,Y,1,1,1
892,30,3,Female,3,1,Engineer,3772,Y,3,3,2
893,55,3,Male,3,4,RnD Director,17786,Y,36,10,9
894,32,2,Male,3,2,Software Developer,5446,Y,6,6,5
895,32,3,Female,2,2,Software Developer,5022,Y,10,10,9
896,60,3,Female,2,2,Business Developer,5179,Y,13,6,1
897,44,3,Male,1,5,RnD Director,19747,Y,25,8,7
898,50,2,Male,2,5,Manager,18718,Y,23,1,0
899,37,3,Male,3,1,Engineer,3709,Y,12,11,10
900,49,2,Male,4,1,Technician,3567,Y,7,1,0
901,28,2,Male,3,1,Engineer,2523,Y,5,5,3
902,30,3,Male,3,2,Software Developer,5534,Y,6,6,0
903,49,3,Male,2,5,RnD Director,18270,Y,25,1,0
904,30,3,Female,2,4,RnD Director,16141,Y,9,7,7
905,35,3,Female,4,1,Engineer,2600,Y,2,1,0
906,45,3,Male,3,5,Manager,18219,Y,26,22,9
907,34,5,Male,4,3,Business Developer,8385,Y,10,9,8
908,20,3,Female,4,1,Engineer,3004,Y,1,1,0
909,24,2,Male,3,1,Engineer,1237,Y,1,1,0
910,26,1,Male,1,1,Sales Engineer,1128,Y,1,1,0
911,27,2,Male,3,1,Engineer,2884,Y,8,8,5
912,46,3,Female,1,5,Manager,18830,Y,26,24,10
913,56,1,Male,2,4,Software Developer,13581,Y,34,33,9
914,22,2,Female,2,1,Technician,2632,Y,2,2,2
915,47,2,Female,2,5,Manager,18801,Y,26,11,4
916,35,3,Female,3,2,Business Developer,4556,Y,4,3,2
917,52,3,Male,3,5,Manager,19862,Y,31,29,10
918,60,4,Male,3,3,Manufacturing Director,10528,Y,25,9,7
919,35,3,Female,3,2,Technician,4455,Y,15,11,8
920,29,4,Male,3,1,Technician,2157,Y,5,4,2
921,45,2,Male,4,5,Manager,19198,Y,26,25,9
922,35,3,Male,2,2,Human Resources,4502,Y,14,10,9
923,36,1,Male,3,1,Engineer,3521,Y,4,3,2
924,43,4,Female,4,2,Engineer,4979,Y,18,1,0
925,44,4,Female,2,3,Business Developer,10242,Y,23,21,7
926,37,4,Female,3,2,Manufacturing Director,6028,Y,18,16,14
927,45,3,Female,3,3,Software Developer,7997,Y,10,10,7
928,29,3,Male,2,1,Technician,3874,Y,2,2,2
929,52,2,Female,2,1,Technician,3844,Y,8,7,0
930,31,2,Female,3,2,Manufacturing Director,5100,Y,10,8,4
931,30,3,Female,3,1,Technician,3353,Y,10,7,7
932,29,3,Male,3,1,Engineer,2093,Y,5,3,2
933,26,3,Female,3,1,Engineer,2112,Y,2,2,2
934,33,3,Male,4,2,Business Developer,5215,Y,10,10,7
935,46,3,Female,3,5,Manager,18068,Y,22,0,0
936,40,4,Female,2,4,Manager,17128,Y,21,19,9
937,59,4,Male,3,1,Engineer,2389,Y,2,2,2
938,33,2,Male,3,2,Technician,4098,Y,10,10,4
939,40,3,Male,3,1,Engineer,3912,Y,6,5,2
940,31,3,Female,2,2,Technician,4632,Y,10,9,2
941,37,4,Female,3,3,Software Developer,7101,Y,10,7,7
942,47,2,Female,3,1,Human Resources,3430,Y,10,7,6
943,29,3,Female,1,2,Technician,6679,Y,10,9,8
944,51,3,Female,3,4,RnD Director,16890,Y,25,3,2
945,41,4,Male,2,3,Business Developer,9108,Y,9,5,4
946,53,3,Male,3,3,Business Developer,8452,Y,10,8,7
947,31,4,Female,3,3,Manager,11928,Y,9,9,1
948,40,2,Male,3,2,Manufacturing Director,4839,Y,9,8,7
949,32,4,Female,3,3,Business Developer,9865,Y,10,10,8
950,42,2,Male,1,2,Business Developer,6155,Y,19,19,2
951,32,3,Female,3,1,Sales Engineer,2311,Y,3,3,2
952,45,3,Male,3,1,Technician,2375,Y,10,3,2
953,43,1,Male,3,4,Manager,17872,Y,21,20,8
954,56,2,Female,1,5,Manager,19202,Y,23,19,9
955,57,4,Male,3,5,Manager,19727,Y,36,7,3
956,41,2,Male,3,1,Engineer,3559,Y,6,4,2
957,35,3,Male,3,3,Software Developer,8509,Y,10,9,7
958,41,3,Male,3,2,Engineer,5078,Y,9,9,8
959,42,3,Female,3,2,Business Developer,4917,Y,10,9,3
960,36,4,Male,3,2,Engineer,4663,Y,9,9,6
961,52,3,Male,3,4,Manager,14039,Y,33,33,9
962,39,2,Female,3,2,Business Developer,4908,Y,11,7,7
963,35,2,Female,3,2,Business Developer,5034,Y,10,10,8
964,26,1,Male,3,1,Technician,3677,Y,7,3,2
965,59,4,Female,2,3,Manufacturing Director,10016,Y,31,10,9
966,41,4,Male,3,1,Technician,2397,Y,7,4,2
967,37,3,Female,4,2,Business Developer,5649,Y,17,15,7
968,49,3,Male,3,3,Manufacturing Director,7912,Y,11,10,9
969,28,3,Female,4,1,Sales Engineer,2538,Y,5,1,0
970,52,2,Female,2,4,Manufacturing Director,13157,Y,29,5,2
971,19,3,Female,3,1,Technician,1630,Y,0,0,0
972,36,3,Female,2,2,Technician,5379,Y,10,9,7
973,28,1,Male,1,2,Business Developer,5086,Y,8,6,2
974,56,4,Male,4,4,Business Developer,13709,Y,24,19,7
975,57,3,Male,3,4,Manufacturing Director,13408,Y,33,19,16
976,35,1,Female,2,1,Engineer,2040,Y,5,5,4
977,41,1,Female,4,2,Software Developer,5384,Y,15,12,11
978,35,3,Male,3,2,Technician,5441,Y,10,8,7
979,32,3,Female,2,1,Sales Engineer,2797,Y,3,1,0
980,36,4,Female,3,2,Business Developer,4632,Y,5,4,2
981,39,3,Male,4,1,Engineer,2626,Y,4,4,2
982,35,4,Female,3,2,Software Developer,5695,Y,14,14,11
983,29,3,Male,2,2,Business Developer,4730,Y,5,5,3
984,32,4,Male,3,2,Manufacturing Director,5195,Y,10,10,2
985,40,4,Male,2,2,Business Developer,5236,Y,8,5,4
986,52,3,Male,3,3,Business Developer,10602,Y,14,4,2
987,42,3,Female,3,2,Engineer,4680,Y,12,6,2
988,38,1,Male,3,1,Engineer,3012,Y,8,6,4
989,34,1,Male,3,2,Business Developer,5012,Y,8,5,4
990,33,1,Male,3,2,Business Developer,4093,Y,4,3,2
991,40,2,Male,3,3,Software Developer,10924,Y,13,6,4
992,26,1,Male,4,2,Business Developer,4845,Y,6,3,2
993,53,2,Female,4,4,Manufacturing Director,13257,Y,24,5,3
994,44,3,Female,2,2,Engineer,5489,Y,20,20,7
995,28,3,Female,2,2,Business Developer,4783,Y,6,6,2
996,28,4,Female,3,1,Engineer,2400,Y,8,8,2
997,27,1,Male,2,1,Engineer,3920,Y,5,4,3
998,43,3,Female,3,4,Manager,16810,Y,21,20,7
999,53,4,Female,3,1,Technician,2964,Y,12,5,4
1000,38,3,Female,3,1,Technician,3643,Y,8,3,2
1001,36,2,Male,3,3,Manufacturing Director,9376,Y,10,2,2
1002,26,3,Male,3,1,Technician,3244,Y,7,3,2
1003,27,3,Male,4,1,Technician,3596,Y,8,7,7
1004,30,3,Male,2,3,Human Resources,8004,Y,10,10,9
1005,50,2,Male,2,2,Technician,4290,Y,20,4,3
1006,30,1,Female,3,3,Software Developer,7560,Y,9,8,7
1007,55,3,Female,3,4,RnD Director,17338,Y,29,20,7
1008,59,3,Female,3,5,RnD Director,19707,Y,32,9,8
1009,56,4,Male,4,4,RnD Director,14740,Y,31,7,7
1010,37,4,Female,3,2,Business Developer,5294,Y,15,5,4
1011,32,4,Female,1,1,Sales Engineer,1365,Y,1,1,0
1012,31,4,Female,3,2,Business Developer,4789,Y,8,3,2
1013,32,5,Female,3,4,RnD Director,16435,Y,9,3,2
1014,35,4,Male,3,1,Engineer,3003,Y,10,4,3
1015,32,3,Female,2,1,Engineer,1274,Y,1,1,0
1016,28,1,Male,3,1,Technician,2108,Y,6,5,0
1017,37,4,Male,2,2,Technician,5821,Y,10,10,4
1018,37,4,Female,2,2,Business Developer,5155,Y,11,3,2
1019,48,3,Male,3,1,Engineer,3430,Y,17,6,5
1020,26,2,Male,2,1,Sales Engineer,2415,Y,6,3,2
1021,38,2,Male,4,1,Technician,3509,Y,7,6,5
1022,57,2,Female,3,1,Engineer,2077,Y,5,3,2
1023,48,4,Female,3,4,RnD Director,17185,Y,26,20,17
1024,25,1,Female,3,2,Business Developer,4667,Y,5,5,4
1025,33,5,Male,3,2,Business Developer,5014,Y,7,4,3
1026,35,3,Female,2,1,Technician,3312,Y,7,5,4
1027,42,5,Male,4,1,Engineer,2132,Y,7,4,2
1028,41,4,Male,3,2,Technician,3981,Y,11,8,7
1029,32,2,Male,3,3,Business Developer,7804,Y,13,13,7
1030,47,3,Male,3,3,Business Developer,10105,Y,28,7,7
1031,40,3,Female,2,1,Technician,3657,Y,11,1,0
1032,32,5,Female,4,3,Manufacturing Director,7456,Y,10,10,8
1033,46,3,Male,1,3,Software Developer,10862,Y,24,7,7
1034,32,2,Female,4,1,Human Resources,2128,Y,8,3,2
1035,32,3,Male,3,1,Technician,3742,Y,7,2,2
1036,46,3,Male,3,3,Manufacturing Director,9384,Y,10,3,1
1037,49,3,Male,3,2,Business Developer,6502,Y,15,2,2
1038,35,4,Female,3,1,Human Resources,2750,Y,2,2,2
1039,41,1,Male,2,3,RnD Director,13774,Y,16,9,8
1040,29,3,Male,3,2,Business Developer,4969,Y,6,5,4
1041,45,3,Male,2,1,Technician,3176,Y,7,5,2
1042,54,3,Male,4,4,RnD Director,16612,Y,35,9,8
1043,50,4,Male,3,2,Software Developer,6656,Y,20,3,2
1044,41,3,Male,3,1,Engineer,2353,Y,8,3,1
1045,45,3,Male,3,1,Engineer,3432,Y,6,5,2
1046,34,3,Male,3,2,Business Developer,5084,Y,5,4,3
1047,35,3,Male,1,2,Business Developer,6072,Y,15,13,9
1048,31,1,Male,3,2,Business Developer,5008,Y,4,2,1
1049,43,2,Female,3,1,Technician,3685,Y,12,12,9
1050,45,5,Female,3,2,Business Developer,4777,Y,11,1,0
1051,31,3,Male,3,1,Engineer,1279,Y,1,1,0
1052,58,2,Male,4,2,Engineer,4909,Y,13,12,9
1053,50,4,Male,3,3,Software Developer,10472,Y,29,8,7
1054,35,3,Male,3,4,RnD Director,17019,Y,16,14,8
1055,29,3,Male,3,1,Sales Engineer,2926,Y,5,3,2
1056,30,3,Female,3,2,Business Developer,4776,Y,7,5,3
1057,35,4,Female,2,2,Business Developer,5412,Y,16,15,9
1058,36,1,Male,3,1,Sales Engineer,2411,Y,1,1,0
1059,25,3,Male,3,1,Technician,3182,Y,4,0,0
1060,25,2,Female,3,1,Sales Engineer,2041,Y,1,1,0
1061,45,1,Male,3,3,Manufacturing Director,10223,Y,16,2,2
1062,30,3,Male,2,2,Business Developer,5234,Y,10,10,7
1063,31,3,Male,3,1,Human Resources,2073,Y,6,5,3
1064,56,4,Male,3,2,Software Developer,5544,Y,4,3,2
1065,34,4,Female,2,1,Technician,3843,Y,8,5,4
1066,48,3,Female,3,2,Business Developer,4603,Y,11,5,4
1067,29,2,Male,2,1,Technician,2575,Y,8,0,0
1068,29,3,Male,2,1,Engineer,1571,Y,1,1,0
1069,29,3,Male,3,2,Business Developer,4908,Y,5,4,2
1070,50,2,Female,2,2,Technician,4799,Y,10,3,2
1071,30,1,Female,3,1,Technician,3189,Y,4,3,2
1072,29,1,Male,1,2,Manufacturing Director,4962,Y,8,8,6
1073,34,5,Male,3,2,Software Developer,6399,Y,14,0,0
1074,33,3,Male,3,3,Manager,11254,Y,10,5,2
1075,55,4,Female,3,4,Manager,16043,Y,26,14,9
1076,30,4,Male,2,1,Engineer,2373,Y,11,9,7
1077,45,3,Male,3,4,RnD Director,16339,Y,24,20,6
1078,40,3,Female,3,3,Manufacturing Director,8381,Y,9,2,0
1079,47,3,Female,3,4,Manager,16619,Y,23,13,12
1080,36,3,Female,2,3,Software Developer,8611,Y,11,11,8
1081,24,1,Male,3,2,Technician,2289,Y,5,4,3
1082,41,4,Male,3,1,Technician,2031,Y,15,5,4
1083,35,3,Male,2,3,Business Developer,7090,Y,10,10,9
1084,32,3,Female,3,1,Engineer,4093,Y,7,7,2
1085,51,5,Male,1,4,RnD Director,14424,Y,32,32,6
1086,35,2,Male,3,1,Sales Engineer,2822,Y,12,11,10
1087,43,3,Male,2,1,Technician,4856,Y,4,1,0
1088,38,3,Male,3,2,Engineer,4402,Y,10,10,8
1089,30,1,Female,1,2,Software Developer,5224,Y,9,7,7
1090,34,3,Male,2,2,Manufacturing Director,4832,Y,5,5,3
1091,46,3,Male,3,1,Engineer,2141,Y,8,5,4
1092,43,3,Male,3,3,Software Developer,10141,Y,24,20,8
1093,41,2,Male,3,2,Business Developer,5481,Y,9,8,4
1094,34,4,Male,3,2,Technician,5220,Y,15,15,14
1095,41,2,Male,3,4,Manager,16446,Y,21,21,7
1096,25,2,Male,2,1,Technician,2309,Y,2,1,1
1097,41,2,Male,3,2,Software Developer,5875,Y,8,2,2
1098,46,4,Male,3,3,Software Developer,7446,Y,10,10,8
1099,36,4,Female,2,1,Sales Engineer,2443,Y,6,5,3
1100,33,2,Female,2,2,Engineer,4484,Y,12,7,1
1101,37,4,Male,3,1,Sales Engineer,2663,Y,7,3,2
1102,49,4,Female,3,2,Business Developer,5843,Y,18,8,7
1103,30,3,Male,4,1,Engineer,2457,Y,5,1,0
1104,34,4,Male,3,2,Business Developer,5401,Y,8,2,2
1105,31,3,Male,2,2,Business Developer,5325,Y,10,10,8
1106,39,4,Male,3,2,Human Resources,6082,Y,10,6,3
1107,36,3,Male,2,1,Technician,2461,Y,3,3,0
1108,31,4,Male,3,3,Business Developer,9253,Y,9,4,2
1109,36,3,Female,3,1,Technician,2089,Y,1,1,0
1110,54,5,Female,2,3,Manufacturing Director,10187,Y,34,33,7
1111,39,3,Male,3,2,Manufacturing Director,4861,Y,7,5,2
1112,33,4,Male,3,2,Engineer,4098,Y,9,6,5
1113,49,4,Female,3,1,Engineer,2381,Y,10,8,2
1114,35,4,Male,3,1,Engineer,2979,Y,1,1,0
1115,56,5,Male,2,5,Manager,19597,Y,36,36,6
1116,35,4,Male,3,2,Engineer,4098,Y,9,2,2
1117,27,3,Female,3,1,Engineer,2072,Y,1,1,0
1118,39,3,Male,3,2,Business Developer,5534,Y,10,9,8
1119,39,3,Female,3,2,Business Developer,4907,Y,8,3,2
1120,37,4,Female,3,2,Business Developer,5319,Y,15,1,0
1121,30,1,Male,3,1,Technician,4739,Y,10,10,9
1122,36,4,Female,3,2,Software Developer,5159,Y,10,5,2
1123,40,3,Male,4,3,Business Developer,8249,Y,11,7,6
1124,30,1,Male,3,2,Software Developer,5064,Y,6,6,4
1125,51,3,Male,3,5,Manager,19343,Y,27,1,0
1126,24,3,Male,4,1,Engineer,2079,Y,4,2,2
1127,37,4,Male,4,2,Technician,5566,Y,9,3,2
1128,43,2,Male,2,5,Manager,19625,Y,24,1,0
1129,36,3,Male,4,2,Technician,3420,Y,10,10,9
1130,35,4,Male,2,2,Software Developer,5270,Y,8,8,2
1131,41,2,Female,3,2,Business Developer,4851,Y,5,5,4
1132,44,3,Male,4,1,Technician,4885,Y,8,6,4
1133,36,2,Male,2,1,Technician,2706,Y,1,1,0
1134,47,4,Male,4,4,Manager,17582,Y,27,26,0
1135,29,3,Male,3,1,Technician,2421,Y,1,1,1
1136,23,2,Female,2,1,Engineer,2824,Y,4,4,2
1137,51,5,Male,3,4,Software Developer,11263,Y,32,30,8
1138,33,4,Female,4,1,Engineer,3331,Y,6,3,2
1139,45,3,Female,3,5,RnD Director,19051,Y,23,22,7
1140,31,3,Male,2,1,Engineer,2156,Y,6,6,4
1141,46,5,Female,1,2,Technician,5783,Y,10,10,7
1142,46,3,Male,2,2,Business Developer,5788,Y,10,10,7
1143,32,4,Male,3,2,Business Developer,5345,Y,10,5,2
1144,37,4,Female,3,2,Manufacturing Director,5069,Y,7,3,2
1145,35,4,Male,4,2,Manufacturing Director,4929,Y,9,9,7
1146,50,4,Female,3,1,Technician,3215,Y,10,9,6
1147,40,5,Male,3,2,Manufacturing Director,5389,Y,10,7,7
1148,28,3,Male,2,1,Technician,4080,Y,7,7,7
1149,36,5,Male,4,2,Engineer,4725,Y,16,16,15
1150,29,3,Female,1,2,Manufacturing Director,5096,Y,6,5,3
1151,22,1,Male,3,1,Engineer,3129,Y,3,2,2
1152,19,2,Female,3,1,Sales Engineer,1573,Y,0,0,0
1153,48,4,Female,3,5,Manager,19660,Y,27,5,2
1154,40,2,Male,2,2,Technician,3076,Y,11,10,8
1155,41,3,Female,2,3,Manufacturing Director,10449,Y,18,18,15
1156,36,4,Female,3,2,Software Developer,5557,Y,15,14,11
1157,38,3,Male,3,2,Manufacturing Director,5078,Y,9,4,3
1158,40,3,Female,3,2,Manufacturing Director,5253,Y,10,9,2
1159,46,2,Female,2,2,Manufacturing Director,5787,Y,10,10,7
1160,39,2,Female,2,3,Manufacturing Director,7765,Y,10,5,4
1161,36,3,Male,2,3,Business Developer,10319,Y,15,13,12
1162,38,3,Female,3,1,Engineer,3955,Y,8,8,4
1163,41,3,Female,3,3,Manufacturing Director,7953,Y,18,4,2
1164,45,5,Male,3,2,Human Resources,5749,Y,14,10,7
1165,49,5,Male,2,4,Manager,15221,Y,23,2,2
1166,36,2,Male,1,2,Business Developer,5257,Y,7,2,2
1167,25,1,Female,3,1,Engineer,3771,Y,6,6,3
1168,28,3,Female,4,1,Engineer,3528,Y,5,3,2
1169,28,3,Male,3,1,Engineer,2588,Y,6,4,2
1170,41,3,Male,3,1,Technician,2182,Y,10,4,2
1171,30,3,Male,2,2,Business Developer,5387,Y,8,5,2
1172,37,4,Female,3,3,Software Developer,8024,Y,9,3,2
1173,26,1,Male,4,2,Manufacturing Director,4917,Y,7,7,7
1174,40,3,Male,3,2,Manufacturing Director,5305,Y,7,5,4
1175,50,4,Female,3,4,RnD Director,16417,Y,27,4,2
1176,51,5,Female,2,3,RnD Director,13275,Y,19,14,11
1177,21,3,Female,3,1,Sales Engineer,2790,Y,2,2,2
1178,35,3,Female,3,2,Engineer,4443,Y,11,11,8
1179,37,3,Male,3,1,Technician,2028,Y,15,4,3
1180,50,1,Female,2,4,Software Developer,13976,Y,30,15,11
1181,37,4,Female,2,2,Manufacturing Director,4385,Y,4,3,2
1182,37,2,Male,4,2,Software Developer,5946,Y,13,5,4
1183,55,5,Female,3,4,Manager,17441,Y,36,10,8
1184,44,2,Male,2,4,RnD Director,17618,Y,14,14,10
1185,36,4,Male,3,2,Business Developer,5887,Y,13,11,9
1186,39,3,Male,3,2,Engineer,4750,Y,19,13,11
1187,30,3,Male,2,2,Business Developer,5201,Y,10,10,0
1188,34,4,Male,3,2,Business Developer,5008,Y,6,6,2
1189,33,3,Male,3,2,Engineer,4483,Y,10,9,5
1190,32,4,Female,3,2,Business Developer,4783,Y,10,10,0
1191,50,3,Female,3,1,Technician,2599,Y,17,2,2
1192,39,3,Female,2,1,Technician,2455,Y,4,4,3
1193,48,4,Female,4,4,Manager,15984,Y,29,3,2
1194,50,3,Male,3,4,Manager,15392,Y,23,8,7
1195,42,2,Male,3,3,Business Developer,7091,Y,21,2,0
1196,21,1,Male,3,1,Sales Engineer,2733,Y,2,2,2
1197,34,3,Female,3,2,Business Developer,4978,Y,7,6,5
1198,37,4,Male,3,2,Software Developer,5367,Y,10,3,2
1199,45,3,Female,3,1,Human Resources,3199,Y,8,2,2
1200,24,1,Male,2,1,Technician,4005,Y,5,5,4
1201,39,2,Female,3,1,Technician,3318,Y,7,0,0
1202,54,4,Male,4,3,Software Developer,7010,Y,11,4,3
1203,49,2,Female,3,1,Sales Engineer,4370,Y,19,9,7
1204,33,4,Male,3,1,Technician,1413,Y,1,1,0
1205,27,3,Male,3,1,Technician,2582,Y,7,7,7
1206,56,3,Male,2,1,Engineer,3546,Y,8,4,2
1207,35,2,Male,2,2,Technician,3994,Y,15,15,10
1208,61,4,Male,1,3,Software Developer,10892,Y,19,1,0
1209,34,3,Male,4,1,Technician,2041,Y,14,14,11
1210,38,4,Male,1,2,Business Developer,5143,Y,6,6,3
1211,35,3,Female,2,1,Engineer,2936,Y,10,10,9
1212,24,3,Male,3,1,Sales Engineer,2288,Y,3,3,2
1213,45,3,Female,4,3,Software Developer,7893,Y,9,8,7
1214,36,4,Male,2,1,Engineer,4941,Y,6,5,4
1215,44,3,Male,3,2,Business Developer,5860,Y,10,10,9
1216,25,3,Male,4,1,Engineer,4411,Y,5,5,3
1217,42,3,Male,3,3,Business Developer,9251,Y,10,10,8
1218,30,4,Female,3,1,Technician,2986,Y,9,5,3
1219,37,4,Female,3,2,Sales Engineer,4515,Y,17,13,7
1220,46,1,Male,2,3,Software Developer,10758,Y,25,23,15
1221,25,1,Male,1,1,Human Resources,1568,Y,1,1,0
1222,48,3,Male,1,4,Business Developer,12944,Y,25,23,5
1223,27,4,Male,1,1,Technician,2309,Y,3,3,2
1224,46,2,Female,2,4,RnD Director,16721,Y,21,21,6
1225,33,3,Male,3,1,Engineer,3439,Y,10,5,2
1226,32,4,Male,3,1,Technician,3494,Y,6,5,2
1227,42,3,Male,1,2,Human Resources,6444,Y,10,3,2
1228,41,2,Female,3,2,Manufacturing Director,6230,Y,18,1,0
1229,25,1,Male,3,1,Technician,3918,Y,6,6,2
1230,47,4,Male,3,2,Software Developer,5973,Y,19,10,7
1231,36,4,Male,3,2,Manufacturing Director,6497,Y,17,7,7
1232,31,1,Male,3,1,Engineer,2878,Y,10,10,0
1233,48,4,Male,3,2,Business Developer,4997,Y,4,1,0
1234,47,3,Male,3,3,Business Developer,10374,Y,13,10,6
1235,37,5,Male,2,2,Business Developer,6351,Y,16,2,2
1236,33,2,Male,1,2,Business Developer,5237,Y,10,0,0
1237,24,1,Female,3,1,Technician,3304,Y,3,3,2
1238,32,1,Female,3,2,Manufacturing Director,5240,Y,9,5,4
1239,40,3,Male,3,2,Technician,6482,Y,9,9,8
1240,33,3,Male,1,3,Business Developer,9620,Y,10,4,3
1241,41,4,Male,3,5,Manager,19848,Y,21,21,8
1242,46,3,Female,1,3,Human Resources,9765,Y,9,5,0
1243,31,4,Female,2,1,Engineer,4977,Y,10,9,7
1244,25,3,Male,3,1,Human Resources,2159,Y,3,2,2
1245,31,3,Female,2,1,Human Resources,2193,Y,6,4,2
1246,32,3,Male,3,2,Business Developer,4953,Y,6,5,2
1247,28,3,Female,3,1,Engineer,3454,Y,6,6,2
1248,30,3,Female,1,1,Sales Engineer,2770,Y,2,2,2
1249,30,3,Male,4,2,Software Developer,5302,Y,10,3,2
1250,31,2,Male,2,3,Business Developer,7155,Y,12,7,7
1251,35,4,Male,4,1,Engineer,2940,Y,6,5,0
1252,34,3,Female,3,2,Business Developer,5161,Y,13,11,7
1253,50,4,Female,3,2,Business Developer,5127,Y,8,5,1
1254,34,3,Female,3,3,Business Developer,8582,Y,11,0,0
1255,39,2,Female,2,1,Technician,3473,Y,9,6,1
1256,32,4,Male,3,3,Business Developer,8170,Y,10,1,0
1257,30,3,Female,2,1,Engineer,2115,Y,1,1,0
1258,31,3,Male,4,2,Software Developer,5305,Y,10,7,0
1259,33,4,Male,3,1,Engineer,2730,Y,12,7,7
1260,39,3,Male,1,2,Software Developer,5818,Y,15,1,0
1261,44,3,Male,2,1,Engineer,2443,Y,6,1,0
1262,43,3,Male,3,1,Technician,2775,Y,7,5,3
1263,56,3,Male,2,5,RnD Director,19052,Y,34,1,0
1264,34,3,Male,3,2,Engineer,4265,Y,11,9,8
1265,42,4,Male,3,1,Technician,2298,Y,5,5,3
1266,35,3,Male,3,2,Business Developer,6019,Y,15,15,14
1267,54,4,Female,2,4,Manufacturing Director,12976,Y,27,3,2
1268,44,3,Male,3,1,Human Resources,3549,Y,10,9,7
1269,35,2,Female,1,2,Business Developer,5037,Y,6,2,2
1270,22,1,Male,3,1,Sales Engineer,2690,Y,1,1,0
1271,39,2,Female,2,1,Technician,3711,Y,5,5,4
1272,23,1,Female,3,1,Technician,2414,Y,1,1,0
1273,32,4,Female,2,2,Business Developer,5481,Y,13,12,7
1274,52,3,Female,3,3,Manager,13119,Y,15,2,2
1275,38,2,Male,2,2,Business Developer,5100,Y,5,5,2
1276,47,4,Male,3,5,RnD Director,19337,Y,24,2,1
1277,37,3,Male,3,3,Software Developer,8335,Y,15,12,8
1278,45,2,Male,3,1,Engineer,2354,Y,6,5,3
1279,38,2,Male,3,2,Human Resources,4086,Y,19,10,0
1280,36,3,Male,3,2,Business Developer,5428,Y,10,10,7
1281,34,4,Male,4,1,Engineer,3152,Y,14,10,8
1282,29,3,Male,3,1,Engineer,2049,Y,5,5,3
1283,40,1,Male,3,3,RnD Director,13473,Y,9,4,3
1284,47,2,Male,2,2,Business Developer,5209,Y,6,2,2
1285,41,2,Female,3,1,Technician,3984,Y,7,4,3
1286,43,3,Male,4,2,Software Developer,5550,Y,10,0,0
1287,36,2,Male,3,2,Manufacturing Director,5773,Y,15,7,7
1288,39,3,Male,3,1,Human Resources,2596,Y,13,11,10
1289,35,4,Male,3,2,Technician,5350,Y,11,7,1
1290,38,4,Male,3,2,Manufacturing Director,5224,Y,10,10,3
1291,40,3,Male,3,2,Business Developer,4938,Y,7,2,1
1292,44,3,Male,3,1,Engineer,2442,Y,7,3,2
1293,42,3,Male,4,2,Software Developer,5673,Y,11,3,2
1294,42,1,Female,3,3,Business Developer,10455,Y,23,22,14
1295,31,3,Female,3,3,Manufacturing Director,9684,Y,9,7,7
1296,27,2,Female,3,1,Human Resources,2157,Y,6,5,1
1297,47,2,Female,3,2,Software Developer,5840,Y,13,9,7
1298,41,3,Female,3,2,Software Developer,6023,Y,12,5,3
1299,35,2,Male,4,2,Business Developer,5410,Y,10,10,8
1300,59,3,Male,3,4,Manager,16303,Y,37,16,9
1301,36,4,Male,1,1,Technician,2715,Y,6,5,4
1302,48,3,Female,2,3,Manufacturing Director,10343,Y,28,22,11
1303,41,3,Female,3,2,Software Developer,6251,Y,15,7,4
1304,55,4,Female,3,2,Engineer,5159,Y,14,7,1
1305,32,4,Female,3,3,Business Developer,9654,Y,9,3,2
1306,29,3,Female,3,1,Engineer,3598,Y,3,3,2
1307,39,4,Female,1,2,Sales Engineer,5419,Y,20,4,2
1308,27,3,Male,3,2,Business Developer,4696,Y,5,5,3
1309,59,4,Male,3,4,RnD Director,15797,Y,23,2,2
1310,19,3,Female,3,1,Engineer,1526,Y,0,0,0
1311,32,5,Male,4,1,Human Resources,2969,Y,2,1,0
1312,30,3,Male,2,1,Human Resources,2351,Y,4,2,2
1313,46,4,Female,3,2,Business Developer,5165,Y,10,8,7
1314,37,4,Female,3,2,Engineer,4965,Y,15,1,0
1315,44,4,Male,3,2,Business Developer,4987,Y,7,7,7
1316,28,2,Female,3,1,Technician,2390,Y,6,5,4
1317,30,1,Male,3,1,Technician,3820,Y,11,11,8
1318,33,4,Male,3,2,Business Developer,4659,Y,4,0,0
1319,43,4,Male,3,1,Engineer,2949,Y,10,6,3
1320,48,4,Female,3,1,Technician,2116,Y,7,2,2
1321,47,2,Male,3,3,Manufacturing Director,8593,Y,12,9,8
1322,29,2,Male,3,1,Human Resources,2716,Y,3,3,2
1323,30,1,Male,1,2,Software Developer,5398,Y,11,7,0
1324,43,3,Male,3,1,Technician,3979,Y,8,0,0
1325,33,4,Male,2,2,Business Developer,4914,Y,7,2,2
1326,47,3,Female,4,4,Business Developer,13242,Y,25,19,17
1327,28,1,Female,2,2,Sales Engineer,3556,Y,9,9,8
1328,30,1,Male,2,1,Human Resources,2814,Y,1,1,0
1329,44,3,Female,2,5,Manager,19402,Y,21,16,12
1330,49,3,Male,2,5,RnD Director,19675,Y,29,22,10
1331,30,2,Male,2,1,Engineer,2444,Y,1,1,0
1332,47,3,Female,3,3,Business Developer,7325,Y,14,8,7
1333,28,3,Female,2,1,Engineer,4784,Y,8,7,6
1334,40,4,Male,3,2,Engineer,3918,Y,7,2,2
1335,56,4,Male,2,1,Engineer,2671,Y,19,5,2
1336,29,3,Female,3,1,Sales Engineer,2862,Y,1,1,0
1337,31,3,Male,3,1,Sales Engineer,1090,Y,1,1,0
1338,23,1,Male,3,1,Engineer,2485,Y,1,1,0
1339,37,4,Female,2,2,Business Developer,5278,Y,10,10,9
1340,32,3,Male,3,2,Technician,4212,Y,10,10,8
1341,35,3,Male,3,3,Business Developer,9716,Y,9,5,3
1342,30,3,Male,3,1,Technician,2069,Y,11,3,2
1343,38,4,Male,3,2,Engineer,4292,Y,16,5,3
1344,36,2,Female,2,2,Manufacturing Director,4792,Y,4,3,2
1345,46,2,Female,2,2,Manufacturing Director,5917,Y,10,9,8
1346,37,1,Male,2,2,Human Resources,3905,Y,10,10,1
1347,41,4,Male,3,4,Manager,16837,Y,22,19,7
1348,27,2,Female,2,1,Engineer,2950,Y,1,1,0
1349,28,2,Female,4,2,Business Developer,4914,Y,9,8,7
1350,49,3,Female,3,4,Manager,17182,Y,24,22,17
1351,45,4,Male,4,2,Software Developer,5044,Y,10,2,0
1352,35,4,Male,1,1,Engineer,2326,Y,5,5,2
1353,57,2,Male,3,1,Technician,2595,Y,5,4,2
1354,37,2,Male,2,2,Business Developer,5520,Y,12,4,2
1355,42,3,Female,3,2,Business Developer,5401,Y,14,5,4
1356,43,3,Male,3,3,RnD Director,13359,Y,18,13,7
1357,32,2,Female,3,2,Business Developer,5290,Y,8,5,2
1358,35,1,Female,2,2,Business Developer,5107,Y,9,4,2
1359,32,3,Female,4,1,Technician,3989,Y,4,2,2
1360,27,3,Male,4,1,Technician,2561,Y,8,7,7
1361,46,4,Male,3,2,Software Developer,5404,Y,12,4,2
1362,34,4,Male,3,2,Business Developer,5496,Y,10,10,4
1363,29,2,Male,2,2,Business Developer,4853,Y,7,7,7
1364,30,3,Male,4,1,Sales Engineer,1102,Y,1,1,0
1365,40,4,Female,1,2,Business Developer,5051,Y,10,3,2
1366,28,4,Male,3,1,Engineer,2233,Y,6,5,3
1367,35,4,Male,2,2,Engineer,4953,Y,16,15,10
1368,29,2,Female,3,2,Business Developer,4874,Y,6,2,0
1369,48,4,Male,3,2,Engineer,5278,Y,16,8,7
1370,57,5,Female,2,2,Business Developer,5292,Y,6,0,0
1371,40,2,Male,3,2,Manufacturing Director,5370,Y,10,10,0
1372,39,3,Female,2,2,Engineer,5438,Y,20,20,11
1373,59,3,Female,3,4,Manager,17882,Y,29,1,0
1374,33,2,Female,4,1,Engineer,2438,Y,8,4,1
1375,39,2,Male,3,1,Engineer,4787,Y,10,5,2
1376,50,1,Male,3,5,RnD Director,19166,Y,28,5,4
1377,43,4,Male,3,2,Business Developer,5899,Y,14,0,0
1378,28,3,Female,2,1,Human Resources,2874,Y,1,1,0
1379,36,4,Male,3,2,Business Developer,5073,Y,6,5,3
1380,29,3,Male,3,1,Engineer,2158,Y,5,5,3
1381,32,2,Male,3,1,Engineer,3071,Y,4,4,2
1382,37,4,Male,4,1,Technician,2827,Y,5,5,4
1383,35,3,Male,3,3,Business Developer,9894,Y,14,14,8
1384,35,4,Male,3,3,Business Developer,8638,Y,9,8,7
1385,27,3,Male,3,1,Technician,2881,Y,8,7,7
1386,30,3,Male,3,2,Software Developer,5087,Y,6,5,3
1387,33,4,Female,3,2,Software Developer,5475,Y,9,5,1
1388,32,3,Male,1,2,Engineer,4212,Y,10,10,8
1389,29,3,Male,2,1,Technician,2381,Y,6,4,1
1390,39,3,Male,2,1,Sales Engineer,2873,Y,20,1,0
1391,36,4,Female,3,2,Business Developer,5215,Y,10,10,8
1392,28,3,Male,3,2,Business Developer,4416,Y,7,7,7
1393,33,4,Male,2,2,Manufacturing Director,5187,Y,8,1,0
1394,32,4,Male,3,2,Business Developer,5622,Y,10,10,7
1395,54,4,Male,3,3,Business Developer,10451,Y,15,2,2
1396,34,2,Male,3,2,Software Developer,5482,Y,9,9,7
1397,44,3,Male,3,3,Software Developer,7516,Y,10,10,9
1398,39,4,Male,3,1,Human Resources,2994,Y,7,6,2
1399,56,4,Male,4,5,Manager,19650,Y,35,10,9
1400,32,1,Female,1,1,Technician,1137,Y,1,1,0
1401,40,4,Male,3,4,Business Developer,13355,Y,21,20,8
1402,43,2,Male,2,2,Engineer,4841,Y,20,20,9
1403,32,3,Female,3,3,RnD Director,11041,Y,13,11,7
1404,55,3,Female,3,2,Manufacturing Director,6048,Y,9,5,2
1405,25,2,Male,2,2,Software Developer,4629,Y,4,4,3
1406,24,2,Male,3,1,Technician,2661,Y,5,5,2
1407,41,3,Female,3,2,Technician,6334,Y,10,10,9
1408,41,2,Female,3,2,Business Developer,5490,Y,15,11,8
1409,26,3,Female,3,1,Human Resources,2199,Y,6,2,0
1410,31,2,Male,3,1,Technician,2759,Y,12,12,8
1411,26,1,Male,3,1,Technician,3980,Y,7,2,2
1412,48,3,Male,3,3,Software Developer,8644,Y,25,17,14
1413,34,2,Male,2,1,Technician,3025,Y,1,1,1
1414,39,4,Male,3,2,Business Developer,6450,Y,16,15,13
1415,32,2,Male,3,1,Sales Engineer,3074,Y,3,2,2
1416,39,4,Male,2,2,Manufacturing Director,5329,Y,10,8,3
1417,43,4,Male,3,2,Engineer,4320,Y,9,4,3
1418,42,3,Male,3,1,Engineer,2787,Y,12,5,3
1419,48,1,Female,3,3,RnD Director,11970,Y,14,13,8
1420,36,4,Male,3,1,Technician,2673,Y,5,2,2
1421,23,2,Male,3,1,Engineer,3377,Y,4,3,2
1422,36,4,Male,3,2,Engineer,4308,Y,10,10,7
1423,34,2,Female,3,2,Software Developer,5886,Y,10,9,7
1424,33,4,Female,2,1,Technician,2855,Y,6,6,2
1425,41,4,Male,3,1,Technician,2422,Y,8,1,0
1426,33,4,Male,2,1,Sales Engineer,2275,Y,3,2,2
1427,40,1,Male,3,2,Engineer,5118,Y,18,7,7
1428,39,3,Female,1,3,RnD Director,13218,Y,20,18,16
1429,33,4,Female,3,3,Business Developer,10434,Y,14,14,10
1430,38,3,Female,4,3,RnD Director,13762,Y,16,16,11
1431,26,2,Female,3,2,Business Developer,4917,Y,6,5,3
1432,53,4,Male,3,1,Sales Engineer,3493,Y,16,9,8
1433,45,3,Male,3,1,Engineer,2450,Y,6,4,3
1434,22,1,Male,3,1,Sales Engineer,2391,Y,2,2,2
1435,40,3,Male,3,5,Manager,19439,Y,21,6,0
1436,24,3,Male,3,1,Sales Engineer,1798,Y,1,1,0
1437,37,3,Female,2,3,Business Developer,7658,Y,10,9,7
1438,37,2,Female,3,2,Manufacturing Director,6137,Y,18,4,2
1439,57,4,Male,3,2,Software Developer,5817,Y,13,13,12
1440,30,4,Male,3,1,Engineer,4790,Y,4,2,2
1441,43,3,Male,3,5,Manager,18890,Y,24,22,6
1442,57,2,Male,3,1,Technician,3343,Y,14,10,9
1443,42,4,Female,2,4,Manufacturing Director,13588,Y,21,20,7
1444,35,3,Female,2,2,Business Developer,5323,Y,8,8,7
1445,37,4,Male,1,2,Business Developer,6416,Y,15,15,12
1446,42,3,Male,2,2,Business Developer,6654,Y,14,5,4
1447,33,3,Male,3,1,Engineer,2444,Y,4,4,2
1448,36,4,Female,3,3,Human Resources,8855,Y,9,9,0
1449,39,2,Female,3,2,Business Developer,5347,Y,10,10,7
1450,51,4,Male,3,2,Business Developer,6737,Y,12,6,3
1451,37,4,Female,2,2,Business Developer,5558,Y,8,6,3
1452,46,3,Female,3,2,Business Developer,5753,Y,8,5,3
1453,41,4,Male,2,1,Engineer,2820,Y,8,2,2
1454,36,4,Male,3,2,Software Developer,5694,Y,10,10,2
1455,41,4,Female,3,1,Engineer,2014,Y,20,5,3
1456,36,4,Female,1,1,Engineer,2989,Y,4,4,3
1457,30,2,Male,2,2,Technician,4035,Y,10,4,3
1458,30,4,Female,2,1,Engineer,3799,Y,5,5,4
1459,51,3,Male,2,3,Business Developer,10866,Y,20,3,2
1460,40,1,Female,2,4,Business Developer,12049,Y,21,20,9
1461,32,3,Male,3,2,Manufacturing Director,5053,Y,10,9,4
1462,27,3,Female,2,1,Sales Engineer,2977,Y,5,4,2
1463,37,2,Male,4,2,Technician,4282,Y,17,5,2
1464,40,1,Male,2,3,Software Developer,9997,Y,9,7,7
1465,28,3,Male,4,2,Manufacturing Director,5147,Y,6,6,2
1466,50,3,Male,2,2,Business Developer,6398,Y,17,9,6
1467,35,3,Male,4,2,Technician,4413,Y,6,4,3
